Date;Period;jAuditRate;jTaxRate;jPeriod;jSubject;jSujeto;jGroup;jGrupo;jProfit;jnCorrectRET;jProfitRET;jDeclared;jDeduction;jTotalDeduction;jCheat;jType;jAudited;jFine;jDeductionsGroup;jReceivedFromGroup;jTaxRateProposed;jnCorrectSum;jGroupDG;jProfitDG;jProposerDG;jOfferDG;jage_subject;jgender;jTrust;jIdeology;jIncome;jPublicTransport;jTaxes;jDrivingFast;jMoneyFound;jLying;jAccidentalDamage;jLitter;jDrivingAlcohol;jJobApplication;jBuyingStolen;jProfitRiskAv;jdec1;jdec2;jdec3;jdec4;jdec5;jdec6;jdec7;jdec8;jdec9;jdec10;jHLJump;jSafeChoices;jedec1;jedec2;jedec3;jedec4;jedec5;jeHLJump;jequizWrong
151217_0935;1;0;10;1;1;-1;6;-1;600;4;600;500;50;50;1;-1;0;0;200;50;-1;4;4;1000;0;500;48;1;0;9;89;1;1;1;3;1;1;1;1;1;1;2000;0;0;0;0;0;0;1;1;1;1;7;6;1;1;0;0;0;1;1
151217_0935;1;0;10;1;2;-1;4;-1;1013.75;7;1050;1050;105;105;0;-1;0;0;275;68.75;-1;7;12;500;0;100;38;1;0;2;13;1;1;1;3;1;1;1;1;1;1;900;0;0;0;0;0;0;0;0;0;0;99;10;0;0;0;0;0;99;3
151217_0935;1;0;10;1;3;-1;1;-1;878.5;6;900;900;90;90;0;-1;0;0;274;68.5;-1;6;1;300;0;500;29;1;0;0;16;3;1;1;1;1;1;1;1;3;1;1500;0;0;0;1;1;1;1;1;1;1;4;3;0;0;0;0;0;99;0
151217_0935;1;0;10;1;4;-1;2;-1;633.175;4;600;6;0.6000000000000001;0.6000000000000001;1;-1;0;0;135.1;33.775;-1;4;11;500;1;500;43;0;1;5;14;1;1;1;1;1;1;1;1;1;1;2500;1;0;0;1;0;0;0;1;1;1;1;5;1;1;1;1;1;1;0
151217_0935;1;0;10;1;5;-1;5;-1;483.75;3;450;50;5;5;1;-1;0;0;155;38.75;-1;3;3;600;1;400;40;0;1;5;10;1;1;2;1;1;2;1;1;1;1;2400;1;1;0;1;1;0;1;0;0;1;1;4;1;1;1;0;0;1;0
151217_0935;1;0;10;1;6;-1;6;-1;455;3;450;450;45;45;0;-1;0;0;200;50;-1;3;7;800;1;200;40;0;0;8;15;1;1;1;2;1;1;1;1;1;1;1900;0;1;0;1;1;0;0;0;1;0;2;6;1;1;1;1;1;1;3
151217_0935;1;0;10;1;7;-1;5;-1;443.75;3;450;450;45;45;0;-1;0;0;155;38.75;-1;3;4;0;1;1000;51;0;0;2;11;1;1;1;1;1;1;1;1;1;1;2300;0;0;0;0;0;0;0;0;0;1;10;9;1;1;1;1;1;1;1
151217_0935;1;0;10;1;8;-1;3;-1;587.5;4;600;600;60;60;0;-1;0;0;190;47.5;-1;4;2;500;1;500;37;1;0;5;16;1;1;1;3;1;1;1;1;2;1;1500;0;0;0;0;0;1;1;1;1;1;6;5;0;0;0;0;0;99;0
151217_0935;1;0;10;1;9;-1;1;-1;1208.5;8;1200;600;60;60;1;-1;0;0;274;68.5;-1;8;5;500;1;500;26;0;0;5;13;3;1;2;3;2;1;1;1;2;1;1800;0;1;0;0;0;0;1;1;1;1;2;5;0;1;0;0;0;2;0
151217_0935;1;0;10;1;10;-1;2;-1;173.775;1;150;100;10;10;1;-1;0;0;135.1;33.775;-1;1;5;500;0;500;65;0;0;5;9;1;3;3;1;1;1;1;1;3;1;1500;0;1;0;0;1;0;1;0;0;0;2;7;0;0;1;0;1;3;1
151217_0935;1;0;10;1;11;-1;4;-1;608.75;4;600;600;60;60;0;-1;0;0;275;68.75;-1;4;6;400;1;600;23;0;0;6;15;1;1;2;1;1;1;1;1;1;1;1300;0;0;0;0;1;1;1;1;1;1;5;4;0;0;0;0;0;99;1
151217_0935;1;0;10;1;12;-1;5;-1;443.75;3;450;450;45;45;0;-1;0;0;155;38.75;-1;3;6;600;0;500;54;1;0;10;12;1;4;4;1;1;1;1;3;4;1;700;0;0;0;0;0;1;1;0;1;1;6;6;0;0;0;0;0;99;4
151217_0935;1;0;10;1;13;-1;2;-1;303.775;2;300;300;30;30;0;-1;0;0;135.1;33.775;-1;2;9;250;0;500;51;1;1;8;9;3;1;3;3;3;3;1;1;3;1;1400;0;1;0;0;0;1;0;0;0;1;2;7;0;0;0;1;1;4;1
151217_0935;1;0;10;1;14;-1;5;-1;578.75;4;600;600;60;60;0;-1;0;0;155;38.75;-1;4;8;600;1;400;47;0;0;4;88;1;1;1;1;1;1;1;1;1;1;1900;0;1;0;1;0;0;0;1;1;0;2;6;1;0;1;0;1;1;1
151217_0935;1;0;10;1;15;-1;1;-1;473.5;3;450;450;45;45;0;-1;0;0;274;68.5;-1;3;7;200;0;200;44;0;0;5;88;1;1;1;1;1;1;1;1;1;1;1300;0;0;1;0;1;0;0;0;1;1;3;6;0;0;1;0;0;3;2
151217_0935;1;0;10;1;16;-1;6;-1;725;5;750;750;75;75;0;-1;0;0;200;50;-1;5;8;400;0;300;46;1;1;6;13;1;1;1;2;1;1;1;1;1;1;1000;1;0;1;0;0;0;0;0;0;0;1;8;0;0;0;1;1;4;3
151217_0935;1;0;10;1;17;-1;2;-1;989.275;7;1050;945;94.5;94.5;1;-1;0;0;135.1;33.775;-1;7;3;400;0;500;50;1;0;5;16;1;1;1;1;1;1;1;1;1;1;1600;0;0;0;0;0;1;1;1;1;1;6;5;0;0;0;1;1;4;0
151217_0935;1;0;10;1;18;-1;6;-1;320;2;300;300;30;30;0;-1;0;0;200;50;-1;2;12;500;1;500;34;1;0;4;1;1;1;1;1;1;1;1;1;1;1;1500;1;1;1;0;0;1;1;1;0;0;1;4;0;1;0;1;0;2;2
151217_0935;1;0;10;1;19;-1;4;-1;608.75;4;600;600;60;60;0;-1;0;0;275;68.75;-1;4;2;500;0;500;52;1;1;4;15;1;1;1;3;1;1;1;1;3;1;2100;1;1;1;0;1;0;1;1;1;0;1;3;0;1;1;1;1;2;0
151217_0935;1;0;10;1;20;-1;4;-1;918.75;6;900;500;50;50;1;-1;0;0;275;68.75;-1;6;11;500;0;500;42;1;0;8;88;1;1;3;3;1;1;1;1;1;1;1100;0;0;0;0;0;0;0;0;0;0;99;10;0;0;0;0;0;99;2
151217_0935;1;0;10;1;21;-1;1;-1;889.5;6;900;790;79;79;1;-1;0;0;274;68.5;-1;6;10;500;0;500;52;0;0;4;15;2;1;1;3;1;2;1;1;2;1;2300;0;1;1;1;0;1;0;0;0;0;2;6;1;1;1;1;1;1;1
151217_0935;1;0;10;1;22;-1;3;-1;492.5;3;450;50;5;5;1;-1;0;0;190;47.5;-1;3;10;500;1;500;49;0;0;5;16;3;3;3;3;2;3;1;1;3;1;1300;0;0;0;1;1;1;1;1;1;1;4;3;0;0;0;0;0;99;1
151217_0935;1;0;10;1;23;-1;3;-1;732.5;5;750;650;65;65;1;-1;0;0;190;47.5;-1;5;1;700;1;300;56;0;0;5;13;4;1;1;1;1;1;1;1;1;1;1400;0;1;1;1;0;0;0;1;0;1;2;5;0;0;1;1;1;3;2
151217_0935;1;0;10;1;24;-1;3;-1;587.5;4;600;600;60;60;0;-1;0;0;190;47.5;-1;4;9;750;1;250;36;0;0;4;16;1;1;2;2;1;1;1;1;1;1;1500;0;0;0;0;1;1;1;1;1;1;5;4;0;0;0;0;0;99;0
151217_0935;2;0;10;2;1;-1;6;-1;468.75;3;450;100;10;10;1;-1;0;0;115;28.75;-1;3;4;1000;0;500;48;1;0;9;89;1;1;1;3;1;1;1;1;1;1;2000;0;0;0;0;0;0;1;1;1;1;7;6;1;1;0;0;0;1;1
151217_0935;2;0;10;2;2;-1;4;-1;1160;8;1200;1200;120;120;0;-1;0;0;320;80;-1;8;12;500;0;100;38;1;0;2;13;1;1;1;3;1;1;1;1;1;1;900;0;0;0;0;0;0;0;0;0;0;99;10;0;0;0;0;0;99;3
151217_0935;2;0;10;2;3;-1;1;-1;1.430.875;10;1500;1500;150;150;0;-1;0;0;323.5;80.875;-1;10;1;300;0;500;29;1;0;0;16;3;1;1;1;1;1;1;1;3;1;1500;0;0;0;1;1;1;1;1;1;1;4;3;0;0;0;0;0;99;0
151217_0935;2;0;10;2;4;-1;2;-1;478.8;3;450;4;0.4;0.4;1;-1;0;0;116.8;29.2;-1;3;11;500;1;500;43;0;1;5;14;1;1;1;1;1;1;1;1;1;1;2500;1;0;0;1;0;0;0;1;1;1;1;5;1;1;1;1;1;1;0
151217_0935;2;0;10;2;5;-1;5;-1;618.75;4;600;250;25;25;1;-1;0;0;175;43.75;-1;4;3;600;1;400;40;0;1;5;10;1;1;2;1;1;2;1;1;1;1;2400;1;1;0;1;1;0;1;0;0;1;1;4;1;1;1;0;0;1;0
151217_0935;2;0;10;2;6;-1;6;-1;298.75;2;300;300;30;30;0;-1;0;0;115;28.75;-1;2;7;800;1;200;40;0;0;8;15;1;1;1;2;1;1;1;1;1;1;1900;0;1;0;1;1;0;0;0;1;0;2;6;1;1;1;1;1;1;3
151217_0935;2;0;10;2;7;-1;5;-1;718.75;5;750;750;75;75;0;-1;0;0;175;43.75;-1;5;4;0;1;1000;51;0;0;2;11;1;1;1;1;1;1;1;1;1;1;2300;0;0;0;0;0;0;0;0;0;1;10;9;1;1;1;1;1;1;1
151217_0935;2;0;10;2;8;-1;3;-1;728.75;5;750;750;75;75;0;-1;0;0;215;53.75;-1;5;2;500;1;500;37;1;0;5;16;1;1;1;3;1;1;1;1;2;1;1500;0;0;0;0;0;1;1;1;1;1;6;5;0;0;0;0;0;99;0
151217_0935;2;0;10;2;9;-1;1;-1;1.480.875;10;1500;1000;100;100;1;-1;0;0;323.5;80.875;-1;10;5;500;1;500;26;0;0;5;13;3;1;2;3;2;1;1;1;2;1;1800;0;1;0;0;0;0;1;1;1;1;2;5;0;1;0;0;0;2;0
151217_0935;2;0;10;2;10;-1;2;-1;169.2;1;150;100;10;10;1;-1;0;0;116.8;29.2;-1;1;5;500;0;500;65;0;0;5;9;1;3;3;1;1;1;1;1;3;1;1500;0;1;0;0;1;0;1;0;0;0;2;7;0;0;1;0;1;3;1
151217_0935;2;0;10;2;11;-1;4;-1;620;4;600;600;60;60;0;-1;0;0;320;80;-1;4;6;400;1;600;23;0;0;6;15;1;1;2;1;1;1;1;1;1;1;1300;0;0;0;0;1;1;1;1;1;1;5;4;0;0;0;0;0;99;1
151217_0935;2;0;10;2;12;-1;5;-1;313.75;2;300;300;30;30;0;-1;0;0;175;43.75;-1;2;6;600;0;500;54;1;0;10;12;1;4;4;1;1;1;1;3;4;1;700;0;0;0;0;0;1;1;0;1;1;6;6;0;0;0;0;0;99;4
151217_0935;2;0;10;2;13;-1;2;-1;7.717.000.000.000.000;5;750;75;7.5;7.5;1;-1;0;0;116.8;29.2;-1;5;9;250;0;500;51;1;1;8;9;3;1;3;3;3;3;1;1;3;1;1400;0;1;0;0;0;1;0;0;0;1;2;7;0;0;0;1;1;4;1
151217_0935;2;0;10;2;14;-1;5;-1;448.75;3;450;450;45;45;0;-1;0;0;175;43.75;-1;3;8;600;1;400;47;0;0;4;88;1;1;1;1;1;1;1;1;1;1;1900;0;1;0;1;0;0;0;1;1;0;2;6;1;0;1;0;1;1;1
151217_0935;2;0;10;2;15;-1;1;-1;620.875;4;600;600;60;60;0;-1;0;0;323.5;80.875;-1;4;7;200;0;200;44;0;0;5;88;1;1;1;1;1;1;1;1;1;1;1300;0;0;1;0;1;0;0;0;1;1;3;6;0;0;1;0;0;3;2
151217_0935;2;0;10;2;16;-1;6;-1;703.75;5;750;750;75;75;0;-1;0;0;115;28.75;-1;5;8;400;0;300;46;1;1;6;13;1;1;1;2;1;1;1;1;1;1;1000;1;0;1;0;0;0;0;0;0;0;1;8;0;0;0;1;1;4;3
151217_0935;2;0;10;2;17;-1;2;-1;9.803.000.000.000.000;7;1050;989;9.890.000.000.000.000;9.890.000.000.000.000;1;-1;0;0;116.8;29.2;-1;7;3;400;0;500;50;1;0;5;16;1;1;1;1;1;1;1;1;1;1;1600;0;0;0;0;0;1;1;1;1;1;6;5;0;0;0;1;1;4;0
151217_0935;2;0;10;2;18;-1;6;-1;478.75;3;450;0;0;0;1;-1;0;0;115;28.75;-1;3;12;500;1;500;34;1;0;4;1;1;1;1;1;1;1;1;1;1;1;1500;1;1;1;0;0;1;1;1;0;0;1;4;0;1;0;1;0;2;2
151217_0935;2;0;10;2;19;-1;4;-1;890;6;900;900;90;90;0;-1;0;0;320;80;-1;6;2;500;0;500;52;1;1;4;15;1;1;1;3;1;1;1;1;3;1;2100;1;1;1;0;1;0;1;1;1;0;1;3;0;1;1;1;1;2;0
151217_0935;2;0;10;2;20;-1;4;-1;1080;7;1050;500;50;50;1;-1;0;0;320;80;-1;7;11;500;0;500;42;1;0;8;88;1;1;3;3;1;1;1;1;1;1;1100;0;0;0;0;0;0;0;0;0;0;99;10;0;0;0;0;0;99;2
151217_0935;2;0;10;2;21;-1;1;-1;217.375;1;150;135;13.5;13.5;1;-1;0;0;323.5;80.875;-1;1;10;500;0;500;52;0;0;4;15;2;1;1;3;1;2;1;1;2;1;2300;0;1;1;1;0;1;0;0;0;0;2;6;1;1;1;1;1;1;1
151217_0935;2;0;10;2;22;-1;3;-1;603.75;4;600;500;50;50;1;-1;0;0;215;53.75;-1;4;10;500;1;500;49;0;0;5;16;3;3;3;3;2;3;1;1;3;1;1300;0;0;0;1;1;1;1;1;1;1;4;3;0;0;0;0;0;99;1
151217_0935;2;0;10;2;23;-1;3;-1;803.75;5;750;0;0;0;1;-1;0;0;215;53.75;-1;5;1;700;1;300;56;0;0;5;13;4;1;1;1;1;1;1;1;1;1;1400;0;1;1;1;0;0;0;1;0;1;2;5;0;0;1;1;1;3;2
151217_0935;2;0;10;2;24;-1;3;-1;863.75;6;900;900;90;90;0;-1;0;0;215;53.75;-1;6;9;750;1;250;36;0;0;4;16;1;1;2;2;1;1;1;1;1;1;1500;0;0;0;0;1;1;1;1;1;1;5;4;0;0;0;0;0;99;0
151217_0935;3;0;10;3;1;-1;6;-1;780;5;750;100;10;10;1;-1;0;0;160;40;-1;5;4;1000;0;500;48;1;0;9;89;1;1;1;3;1;1;1;1;1;1;2000;0;0;0;0;0;0;1;1;1;1;7;6;1;1;0;0;0;1;1
151217_0935;3;0;10;3;2;-1;4;-1;1295;9;1350;1350;135;135;0;-1;0;0;320;80;-1;9;12;500;0;100;38;1;0;2;13;1;1;1;3;1;1;1;1;1;1;900;0;0;0;0;0;0;0;0;0;0;99;10;0;0;0;0;0;99;3
151217_0935;3;0;10;3;3;-1;1;-1;1.315.125;9;1350;1350;135;135;0;-1;0;0;400.5;100.125;-1;9;1;300;0;500;29;1;0;0;16;3;1;1;1;1;1;1;1;3;1;1500;0;0;0;1;1;1;1;1;1;1;4;3;0;0;0;0;0;99;0
151217_0935;3;0;10;3;4;-1;2;-1;7.783.499.999.999.990;5;750;7;0.7000000000000001;0.7000000000000001;1;-1;0;0;116.2;29.05;-1;5;11;500;1;500;43;0;1;5;14;1;1;1;1;1;1;1;1;1;1;2500;1;0;0;1;0;0;0;1;1;1;1;5;1;1;1;1;1;1;0
151217_0935;3;0;10;3;5;-1;5;-1;773.75;5;750;350;35;35;1;-1;0;0;235;58.75;-1;5;3;600;1;400;40;0;1;5;10;1;1;2;1;1;2;1;1;1;1;2400;1;1;0;1;1;0;1;0;0;1;1;4;1;1;1;0;0;1;0
151217_0935;3;0;10;3;6;-1;6;-1;580;4;600;600;60;60;0;-1;0;0;160;40;-1;4;7;800;1;200;40;0;0;8;15;1;1;1;2;1;1;1;1;1;1;1900;0;1;0;1;1;0;0;0;1;0;2;6;1;1;1;1;1;1;3
151217_0935;3;0;10;3;7;-1;5;-1;733.75;5;750;750;75;75;0;-1;0;0;235;58.75;-1;5;4;0;1;1000;51;0;0;2;11;1;1;1;1;1;1;1;1;1;1;2300;0;0;0;0;0;0;0;0;0;1;10;9;1;1;1;1;1;1;1
151217_0935;3;0;10;3;8;-1;3;-1;1011.75;7;1050;1050;105;105;0;-1;0;0;267;66.75;-1;7;2;500;1;500;37;1;0;5;16;1;1;1;3;1;1;1;1;2;1;1500;0;0;0;0;0;1;1;1;1;1;6;5;0;0;0;0;0;99;0
151217_0935;3;0;10;3;9;-1;1;-1;1.490.125;10;1500;1100;110;110;1;-1;0;0;400.5;100.125;-1;10;5;500;1;500;26;0;0;5;13;3;1;2;3;2;1;1;1;2;1;1800;0;1;0;0;0;0;1;1;1;1;2;5;0;1;0;0;0;2;0
151217_0935;3;0;10;3;10;-1;2;-1;164.05;1;150;150;15;15;0;-1;0;0;116.2;29.05;-1;1;5;500;0;500;65;0;0;5;9;1;3;3;1;1;1;1;1;3;1;1500;0;1;0;0;1;0;1;0;0;0;2;7;0;0;1;0;1;3;1
151217_0935;3;0;10;3;11;-1;4;-1;755;5;750;750;75;75;0;-1;0;0;320;80;-1;5;6;400;1;600;23;0;0;6;15;1;1;2;1;1;1;1;1;1;1;1300;0;0;0;0;1;1;1;1;1;1;5;4;0;0;0;0;0;99;1
151217_0935;3;0;10;3;12;-1;5;-1;733.75;5;750;750;75;75;0;-1;0;0;235;58.75;-1;5;6;600;0;500;54;1;0;10;12;1;4;4;1;1;1;1;3;4;1;700;0;0;0;0;0;1;1;0;1;1;6;6;0;0;0;0;0;99;4
151217_0935;3;0;10;3;13;-1;2;-1;623.05;4;600;60;6;6;1;-1;0;0;116.2;29.05;-1;4;9;250;0;500;51;1;1;8;9;3;1;3;3;3;3;1;1;3;1;1400;0;1;0;0;0;1;0;0;0;1;2;7;0;0;0;1;1;4;1
151217_0935;3;0;10;3;14;-1;5;-1;758.75;5;750;500;50;50;1;-1;0;0;235;58.75;-1;5;8;600;1;400;47;0;0;4;88;1;1;1;1;1;1;1;1;1;1;1900;0;1;0;1;0;0;0;1;1;0;2;6;1;0;1;0;1;1;1
151217_0935;3;0;10;3;15;-1;1;-1;640.125;4;600;600;60;60;0;-1;0;0;400.5;100.125;-1;4;7;200;0;200;44;0;0;5;88;1;1;1;1;1;1;1;1;1;1;1300;0;0;1;0;1;0;0;0;1;1;3;6;0;0;1;0;0;3;2
151217_0935;3;0;10;3;16;-1;6;-1;850;6;900;900;90;90;0;-1;0;0;160;40;-1;6;8;400;0;300;46;1;1;6;13;1;1;1;2;1;1;1;1;1;1;1000;1;0;1;0;0;0;0;0;0;0;1;8;0;0;0;1;1;4;3
151217_0935;3;0;10;3;17;-1;2;-1;984.55;7;1050;945;94.5;94.5;1;-1;0;0;116.2;29.05;-1;7;3;400;0;500;50;1;0;5;16;1;1;1;1;1;1;1;1;1;1;1600;0;0;0;0;0;1;1;1;1;1;6;5;0;0;0;1;1;4;0
151217_0935;3;0;10;3;18;-1;6;-1;490;3;450;0;0;0;1;-1;0;0;160;40;-1;3;12;500;1;500;34;1;0;4;1;1;1;1;1;1;1;1;1;1;1;1500;1;1;1;0;0;1;1;1;0;0;1;4;0;1;0;1;0;2;2
151217_0935;3;0;10;3;19;-1;4;-1;620;4;600;600;60;60;0;-1;0;0;320;80;-1;4;2;500;0;500;52;1;1;4;15;1;1;1;3;1;1;1;1;3;1;2100;1;1;1;0;1;0;1;1;1;0;1;3;0;1;1;1;1;2;0
151217_0935;3;0;10;3;20;-1;4;-1;930;6;900;500;50;50;1;-1;0;0;320;80;-1;6;11;500;0;500;42;1;0;8;88;1;1;3;3;1;1;1;1;1;1;1100;0;0;0;0;0;0;0;0;0;0;99;10;0;0;0;0;0;99;2
151217_0935;3;0;10;3;21;-1;1;-1;1.054.625;7;1050;955;95.5;95.5;1;-1;0;0;400.5;100.125;-1;7;10;500;0;500;52;0;0;4;15;2;1;1;3;1;2;1;1;2;1;2300;0;1;1;1;0;1;0;0;0;0;2;6;1;1;1;1;1;1;1
151217_0935;3;0;10;3;22;-1;3;-1;1061.75;7;1050;550;55;55;1;-1;0;0;267;66.75;-1;7;10;500;1;500;49;0;0;5;16;3;3;3;3;2;3;1;1;3;1;1300;0;0;0;1;1;1;1;1;1;1;4;3;0;0;0;0;0;99;1
151217_0935;3;0;10;3;23;-1;3;-1;814.75;5;750;20;2;2;1;-1;0;0;267;66.75;-1;5;1;700;1;300;56;0;0;5;13;4;1;1;1;1;1;1;1;1;1;1400;0;1;1;1;0;0;0;1;0;1;2;5;0;0;1;1;1;3;2
151217_0935;3;0;10;3;24;-1;3;-1;1011.75;7;1050;1050;105;105;0;-1;0;0;267;66.75;-1;7;9;750;1;250;36;0;0;4;16;1;1;2;2;1;1;1;1;1;1;1500;0;0;0;0;1;1;1;1;1;1;5;4;0;0;0;0;0;99;0
151217_0935;4;0;10;4;1;-1;6;-1;603.75;4;600;500;50;50;1;-1;0;0;215;53.75;-1;4;4;1000;0;500;48;1;0;9;89;1;1;1;3;1;1;1;1;1;1;2000;0;0;0;0;0;0;1;1;1;1;7;6;1;1;0;0;0;1;1
151217_0935;4;0;10;4;2;-1;4;-1;1442.75;10;1500;1500;150;150;0;-1;0;0;371;92.75;-1;10;12;500;0;100;38;1;0;2;13;1;1;1;3;1;1;1;1;1;1;900;0;0;0;0;0;0;0;0;0;0;99;10;0;0;0;0;0;99;3
151217_0935;4;0;10;4;3;-1;1;-1;1159.75;8;1200;1200;120;120;0;-1;0;0;319;79.75;-1;8;1;300;0;500;29;1;0;0;16;3;1;1;1;1;1;1;1;3;1;1500;0;0;0;1;1;1;1;1;1;1;4;3;0;0;0;0;0;99;0
151217_0935;4;0;10;4;4;-1;2;-1;770.75;5;750;0;0;0;1;-1;0;0;83;20.75;-1;5;11;500;1;500;43;0;1;5;14;1;1;1;1;1;1;1;1;1;1;2500;1;0;0;1;0;0;0;1;1;1;1;5;1;1;1;1;1;1;0
151217_0935;4;0;10;4;5;-1;5;-1;456.25;3;450;450;45;45;0;-1;0;0;205;51.25;-1;3;3;600;1;400;40;0;1;5;10;1;1;2;1;1;2;1;1;1;1;2400;1;1;0;1;1;0;1;0;0;1;1;4;1;1;1;0;0;1;0
151217_0935;4;0;10;4;6;-1;6;-1;728.75;5;750;750;75;75;0;-1;0;0;215;53.75;-1;5;7;800;1;200;40;0;0;8;15;1;1;1;2;1;1;1;1;1;1;1900;0;1;0;1;1;0;0;0;1;0;2;6;1;1;1;1;1;1;3
151217_0935;4;0;10;4;7;-1;5;-1;861.25;6;900;900;90;90;0;-1;0;0;205;51.25;-1;6;4;0;1;1000;51;0;0;2;11;1;1;1;1;1;1;1;1;1;1;2300;0;0;0;0;0;0;0;0;0;1;10;9;1;1;1;1;1;1;1
151217_0935;4;0;10;4;8;-1;3;-1;885.5;6;900;900;90;90;0;-1;0;0;302;75.5;-1;6;2;500;1;500;37;1;0;5;16;1;1;1;3;1;1;1;1;2;1;1500;0;0;0;0;0;1;1;1;1;1;6;5;0;0;0;0;0;99;0
151217_0935;4;0;10;4;9;-1;1;-1;1459.75;10;1500;1200;120;120;1;-1;0;0;319;79.75;-1;10;5;500;1;500;26;0;0;5;13;3;1;2;3;2;1;1;1;2;1;1800;0;1;0;0;0;0;1;1;1;1;2;5;0;1;0;0;0;2;0
151217_0935;4;0;10;4;10;-1;2;-1;305.75;2;300;150;15;15;1;-1;0;0;83;20.75;-1;2;5;500;0;500;65;0;0;5;9;1;3;3;1;1;1;1;1;3;1;1500;0;1;0;0;1;0;1;0;0;0;2;7;0;0;1;0;1;3;1
151217_0935;4;0;10;4;11;-1;4;-1;911.75;6;900;810;81;81;1;-1;0;0;371;92.75;-1;6;6;400;1;600;23;0;0;6;15;1;1;2;1;1;1;1;1;1;1;1300;0;0;0;0;1;1;1;1;1;1;5;4;0;0;0;0;0;99;1
151217_0935;4;0;10;4;12;-1;5;-1;321.25;2;300;300;30;30;0;-1;0;0;205;51.25;-1;2;6;600;0;500;54;1;0;10;12;1;4;4;1;1;1;1;3;4;1;700;0;0;0;0;0;1;1;0;1;1;6;6;0;0;0;0;0;99;4
151217_0935;4;0;10;4;13;-1;2;-1;466.25;3;450;45;4.5;4.5;1;-1;0;0;83;20.75;-1;3;9;250;0;500;51;1;1;8;9;3;1;3;3;3;3;1;1;3;1;1400;0;1;0;0;0;1;0;0;0;1;2;7;0;0;0;1;1;4;1
151217_0935;4;0;10;4;14;-1;5;-1;611.25;4;600;400;40;40;1;-1;0;0;205;51.25;-1;4;8;600;1;400;47;0;0;4;88;1;1;1;1;1;1;1;1;1;1;1900;0;1;0;1;0;0;0;1;1;0;2;6;1;0;1;0;1;1;1
151217_0935;4;0;10;4;15;-1;1;-1;79.75;0;0;0;0;0;0;-1;0;0;319;79.75;-1;0;7;200;0;200;44;0;0;5;88;1;1;1;1;1;1;1;1;1;1;1300;0;0;1;0;1;0;0;0;1;1;3;6;0;0;1;0;0;3;2
151217_0935;4;0;10;4;16;-1;6;-1;863.75;6;900;900;90;90;0;-1;0;0;215;53.75;-1;6;8;400;0;300;46;1;1;6;13;1;1;1;2;1;1;1;1;1;1;1000;1;0;1;0;0;0;0;0;0;0;1;8;0;0;0;1;1;4;3
151217_0935;4;0;10;4;17;-1;2;-1;707.25;5;750;635;63.5;63.5;1;-1;0;0;83;20.75;-1;5;3;400;0;500;50;1;0;5;16;1;1;1;1;1;1;1;1;1;1;1600;0;0;0;0;0;1;1;1;1;1;6;5;0;0;0;1;1;4;0
151217_0935;4;0;10;4;18;-1;6;-1;953.75;6;900;0;0;0;1;-1;0;0;215;53.75;-1;6;12;500;1;500;34;1;0;4;1;1;1;1;1;1;1;1;1;1;1;1500;1;1;1;0;0;1;1;1;0;0;1;4;0;1;0;1;0;2;2
151217_0935;4;0;10;4;19;-1;4;-1;902.75;6;900;900;90;90;0;-1;0;0;371;92.75;-1;6;2;500;0;500;52;1;1;4;15;1;1;1;3;1;1;1;1;3;1;2100;1;1;1;0;1;0;1;1;1;0;1;3;0;1;1;1;1;2;0
151217_0935;4;0;10;4;20;-1;4;-1;942.75;6;900;500;50;50;1;-1;0;0;371;92.75;-1;6;11;500;0;500;42;1;0;8;88;1;1;3;3;1;1;1;1;1;1;1100;0;0;0;0;0;0;0;0;0;0;99;10;0;0;0;0;0;99;2
151217_0935;4;0;10;4;21;-1;1;-1;900.75;6;900;790;79;79;1;-1;0;0;319;79.75;-1;6;10;500;0;500;52;0;0;4;15;2;1;1;3;1;2;1;1;2;1;2300;0;1;1;1;0;1;0;0;0;0;2;6;1;1;1;1;1;1;1
151217_0935;4;0;10;4;22;-1;3;-1;1020.5;7;1050;1050;105;105;0;-1;0;0;302;75.5;-1;7;10;500;1;500;49;0;0;5;16;3;3;3;3;2;3;1;1;3;1;1300;0;0;0;1;1;1;1;1;1;1;4;3;0;0;0;0;0;99;1
151217_0935;4;0;10;4;23;-1;3;-1;973.5;6;900;20;2;2;1;-1;0;0;302;75.5;-1;6;1;700;1;300;56;0;0;5;13;4;1;1;1;1;1;1;1;1;1;1400;0;1;1;1;0;0;0;1;0;1;2;5;0;0;1;1;1;3;2
151217_0935;4;0;10;4;24;-1;3;-1;1020.5;7;1050;1050;105;105;0;-1;0;0;302;75.5;-1;7;9;750;1;250;36;0;0;4;16;1;1;2;2;1;1;1;1;1;1;1500;0;0;0;0;1;1;1;1;1;1;5;4;0;0;0;0;0;99;0
151217_0935;5;0;10;5;1;-1;6;-1;772.5;5;750;250;25;25;1;-1;0;0;190;47.5;-1;5;4;1000;0;500;48;1;0;9;89;1;1;1;3;1;1;1;1;1;1;2000;0;0;0;0;0;0;1;1;1;1;7;6;1;1;0;0;0;1;1
151217_0935;5;0;10;5;2;-1;4;-1;1441.25;10;1500;1500;150;150;0;-1;0;0;365;91.25;-1;10;12;500;0;100;38;1;0;2;13;1;1;1;3;1;1;1;1;1;1;900;0;0;0;0;0;0;0;0;0;0;99;10;0;0;0;0;0;99;3
151217_0935;5;0;10;5;3;-1;1;-1;1452.75;10;1500;1500;150;150;0;-1;0;0;411;102.75;-1;10;1;300;0;500;29;1;0;0;16;3;1;1;1;1;1;1;1;3;1;1500;0;0;0;1;1;1;1;1;1;1;4;3;0;0;0;0;0;99;0
151217_0935;5;0;10;5;4;-1;2;-1;482.125;3;450;0;0;0;1;-1;0;0;128.5;32.125;-1;3;11;500;1;500;43;0;1;5;14;1;1;1;1;1;1;1;1;1;1;2500;1;0;0;1;0;0;0;1;1;1;1;5;1;1;1;1;1;1;0
151217_0935;5;0;10;5;5;-1;5;-1;892.5;6;900;500;50;50;1;-1;0;0;170;42.5;-1;6;3;600;1;400;40;0;1;5;10;1;1;2;1;1;2;1;1;1;1;2400;1;1;0;1;1;0;1;0;0;1;1;4;1;1;1;0;0;1;0
151217_0935;5;0;10;5;6;-1;6;-1;857.5;6;900;900;90;90;0;-1;0;0;190;47.5;-1;6;7;800;1;200;40;0;0;8;15;1;1;1;2;1;1;1;1;1;1;1900;0;1;0;1;1;0;0;0;1;0;2;6;1;1;1;1;1;1;3
151217_0935;5;0;10;5;7;-1;5;-1;447.5;3;450;450;45;45;0;-1;0;0;170;42.5;-1;3;4;0;1;1000;51;0;0;2;11;1;1;1;1;1;1;1;1;1;1;2300;0;0;0;0;0;0;0;0;0;1;10;9;1;1;1;1;1;1;1
151217_0935;5;0;10;5;8;-1;3;-1;877.625;6;900;900;90;90;0;-1;0;0;270.5;67.625;-1;6;2;500;1;500;37;1;0;5;16;1;1;1;3;1;1;1;1;2;1;1500;0;0;0;0;0;1;1;1;1;1;6;5;0;0;0;0;0;99;0
151217_0935;5;0;10;5;9;-1;1;-1;1317.75;9;1350;1350;135;135;0;-1;0;0;411;102.75;-1;9;5;500;1;500;26;0;0;5;13;3;1;2;3;2;1;1;1;2;1;1800;0;1;0;0;0;0;1;1;1;1;2;5;0;1;0;0;0;2;0
151217_0935;5;0;10;5;10;-1;2;-1;172.125;1;150;100;10;10;1;-1;0;0;128.5;32.125;-1;1;5;500;0;500;65;0;0;5;9;1;3;3;1;1;1;1;1;3;1;1500;0;1;0;0;1;0;1;0;0;0;2;7;0;0;1;0;1;3;1
151217_0935;5;0;10;5;11;-1;4;-1;901.25;6;900;900;90;90;0;-1;0;0;365;91.25;-1;6;6;400;1;600;23;0;0;6;15;1;1;2;1;1;1;1;1;1;1;1300;0;0;0;0;1;1;1;1;1;1;5;4;0;0;0;0;0;99;1
151217_0935;5;0;10;5;12;-1;5;-1;312.5;2;300;300;30;30;0;-1;0;0;170;42.5;-1;2;6;600;0;500;54;1;0;10;12;1;4;4;1;1;1;1;3;4;1;700;0;0;0;0;0;1;1;0;1;1;6;6;0;0;0;0;0;99;4
151217_0935;5;0;10;5;13;-1;2;-1;1.071.625;7;1050;105;10.5;10.5;1;-1;0;0;128.5;32.125;-1;7;9;250;0;500;51;1;1;8;9;3;1;3;3;3;3;1;1;3;1;1400;0;1;0;0;0;1;0;0;0;1;2;7;0;0;0;1;1;4;1
151217_0935;5;0;10;5;14;-1;5;-1;447.5;3;450;450;45;45;0;-1;0;0;170;42.5;-1;3;8;600;1;400;47;0;0;4;88;1;1;1;1;1;1;1;1;1;1;1900;0;1;0;1;0;0;0;1;1;0;2;6;1;0;1;0;1;1;1
151217_0935;5;0;10;5;15;-1;1;-1;507.75;3;450;450;45;45;0;-1;0;0;411;102.75;-1;3;7;200;0;200;44;0;0;5;88;1;1;1;1;1;1;1;1;1;1;1300;0;0;1;0;1;0;0;0;1;1;3;6;0;0;1;0;0;3;2
151217_0935;5;0;10;5;16;-1;6;-1;722.5;5;750;750;75;75;0;-1;0;0;190;47.5;-1;5;8;400;0;300;46;1;1;6;13;1;1;1;2;1;1;1;1;1;1;1000;1;0;1;0;0;0;0;0;0;0;1;8;0;0;0;1;1;4;3
151217_0935;5;0;10;5;17;-1;2;-1;1.124.125;8;1200;1080;108;108;1;-1;0;0;128.5;32.125;-1;8;3;400;0;500;50;1;0;5;16;1;1;1;1;1;1;1;1;1;1;1600;0;0;0;0;0;1;1;1;1;1;6;5;0;0;0;1;1;4;0
151217_0935;5;0;10;5;18;-1;6;-1;1097.5;7;1050;0;0;0;1;-1;0;0;190;47.5;-1;7;12;500;1;500;34;1;0;4;1;1;1;1;1;1;1;1;1;1;1;1500;1;1;1;0;0;1;1;1;0;0;1;4;0;1;0;1;0;2;2
151217_0935;5;0;10;5;19;-1;4;-1;766.25;5;750;750;75;75;0;-1;0;0;365;91.25;-1;5;2;500;0;500;52;1;1;4;15;1;1;1;3;1;1;1;1;3;1;2100;1;1;1;0;1;0;1;1;1;0;1;3;0;1;1;1;1;2;0
151217_0935;5;0;10;5;20;-1;4;-1;1091.25;7;1050;500;50;50;1;-1;0;0;365;91.25;-1;7;11;500;0;500;42;1;0;8;88;1;1;3;3;1;1;1;1;1;1;1100;0;0;0;0;0;0;0;0;0;0;99;10;0;0;0;0;0;99;2
151217_0935;5;0;10;5;21;-1;1;-1;921.75;6;900;810;81;81;1;-1;0;0;411;102.75;-1;6;10;500;0;500;52;0;0;4;15;2;1;1;3;1;2;1;1;2;1;2300;0;1;1;1;0;1;0;0;0;0;2;6;1;1;1;1;1;1;1
151217_0935;5;0;10;5;22;-1;3;-1;742.625;5;750;750;75;75;0;-1;0;0;270.5;67.625;-1;5;10;500;1;500;49;0;0;5;16;3;3;3;3;2;3;1;1;3;1;1300;0;0;0;1;1;1;1;1;1;1;4;3;0;0;0;0;0;99;1
151217_0935;5;0;10;5;23;-1;3;-1;817.125;5;750;5;0.5;0.5;1;-1;0;0;270.5;67.625;-1;5;1;700;1;300;56;0;0;5;13;4;1;1;1;1;1;1;1;1;1;1400;0;1;1;1;0;0;0;1;0;1;2;5;0;0;1;1;1;3;2
151217_0935;5;0;10;5;24;-1;3;-1;1.012.625;7;1050;1050;105;105;0;-1;0;0;270.5;67.625;-1;7;9;750;1;250;36;0;0;4;16;1;1;2;2;1;1;1;1;1;1;1500;0;0;0;0;1;1;1;1;1;1;5;4;0;0;0;0;0;99;0
151217_0935;6;0;10;6;1;-1;6;-1;476.25;3;450;250;25;25;1;-1;0;0;205;51.25;-1;3;4;1000;0;500;48;1;0;9;89;1;1;1;3;1;1;1;1;1;1;2000;0;0;0;0;0;0;1;1;1;1;7;6;1;1;0;0;0;1;1
151217_0935;6;0;10;6;2;-1;4;-1;1.293.125;9;1350;1350;135;135;0;-1;0;0;312.5;78.125;-1;9;12;500;0;100;38;1;0;2;13;1;1;1;3;1;1;1;1;1;1;900;0;0;0;0;0;0;0;0;0;0;99;10;0;0;0;0;0;99;3
151217_0935;6;0;10;6;3;-1;1;-1;1.029.375;7;1050;1050;105;105;0;-1;0;0;337.5;84.375;-1;7;1;300;0;500;29;1;0;0;16;3;1;1;1;1;1;1;1;3;1;1500;0;0;0;1;1;1;1;1;1;1;4;3;0;0;0;0;0;99;0
151217_0935;6;0;10;6;4;-1;2;-1;1.225.875;8;1200;0;0;0;1;-1;0;0;103.5;25.875;-1;8;11;500;1;500;43;0;1;5;14;1;1;1;1;1;1;1;1;1;1;2500;1;0;0;1;0;0;0;1;1;1;1;5;1;1;1;1;1;1;0
151217_0935;6;0;10;6;5;-1;5;-1;621.25;4;600;200;20;20;1;-1;0;0;165;41.25;-1;4;3;600;1;400;40;0;1;5;10;1;1;2;1;1;2;1;1;1;1;2400;1;1;0;1;1;0;1;0;0;1;1;4;1;1;1;0;0;1;0
151217_0935;6;0;10;6;6;-1;6;-1;726.25;5;750;750;75;75;0;-1;0;0;205;51.25;-1;5;7;800;1;200;40;0;0;8;15;1;1;1;2;1;1;1;1;1;1;1900;0;1;0;1;1;0;0;0;1;0;2;6;1;1;1;1;1;1;3
151217_0935;6;0;10;6;7;-1;5;-1;311.25;2;300;300;30;30;0;-1;0;0;165;41.25;-1;2;4;0;1;1000;51;0;0;2;11;1;1;1;1;1;1;1;1;1;1;2300;0;0;0;0;0;0;0;0;0;1;10;9;1;1;1;1;1;1;1
151217_0935;6;0;10;6;8;-1;3;-1;870.5;6;900;900;90;90;0;-1;0;0;242;60.5;-1;6;2;500;1;500;37;1;0;5;16;1;1;1;3;1;1;1;1;2;1;1500;0;0;0;0;0;1;1;1;1;1;6;5;0;0;0;0;0;99;0
151217_0935;6;0;10;6;9;-1;1;-1;1.299.375;9;1350;1350;135;135;0;-1;0;0;337.5;84.375;-1;9;5;500;1;500;26;0;0;5;13;3;1;2;3;2;1;1;1;2;1;1800;0;1;0;0;0;0;1;1;1;1;2;5;0;1;0;0;0;2;0
151217_0935;6;0;10;6;10;-1;2;-1;310.875;2;300;150;15;15;1;-1;0;0;103.5;25.875;-1;2;5;500;0;500;65;0;0;5;9;1;3;3;1;1;1;1;1;3;1;1500;0;1;0;0;1;0;1;0;0;0;2;7;0;0;1;0;1;3;1
151217_0935;6;0;10;6;11;-1;4;-1;760.625;5;750;675;67.5;67.5;1;-1;0;0;312.5;78.125;-1;5;6;400;1;600;23;0;0;6;15;1;1;2;1;1;1;1;1;1;1;1300;0;0;0;0;1;1;1;1;1;1;5;4;0;0;0;0;0;99;1
151217_0935;6;0;10;6;12;-1;5;-1;716.25;5;750;750;75;75;0;-1;0;0;165;41.25;-1;5;6;600;0;500;54;1;0;10;12;1;4;4;1;1;1;1;3;4;1;700;0;0;0;0;0;1;1;0;1;1;6;6;0;0;0;0;0;99;4
151217_0935;6;0;10;6;13;-1;2;-1;768.375;5;750;75;7.5;7.5;1;-1;0;0;103.5;25.875;-1;5;9;250;0;500;51;1;1;8;9;3;1;3;3;3;3;1;1;3;1;1400;0;1;0;0;0;1;0;0;0;1;2;7;0;0;0;1;1;4;1
151217_0935;6;0;10;6;14;-1;5;-1;751.25;5;750;400;40;40;1;-1;0;0;165;41.25;-1;5;8;600;1;400;47;0;0;4;88;1;1;1;1;1;1;1;1;1;1;1900;0;1;0;1;0;0;0;1;1;0;2;6;1;0;1;0;1;1;1
151217_0935;6;0;10;6;15;-1;1;-1;354.375;2;300;300;30;30;0;-1;0;0;337.5;84.375;-1;2;7;200;0;200;44;0;0;5;88;1;1;1;1;1;1;1;1;1;1;1300;0;0;1;0;1;0;0;0;1;1;3;6;0;0;1;0;0;3;2
151217_0935;6;0;10;6;16;-1;6;-1;996.25;7;1050;1050;105;105;0;-1;0;0;205;51.25;-1;7;8;400;0;300;46;1;1;6;13;1;1;1;2;1;1;1;1;1;1;1000;1;0;1;0;0;0;0;0;0;0;1;8;0;0;0;1;1;4;3
151217_0935;6;0;10;6;17;-1;2;-1;844.875;6;900;810;81;81;1;-1;0;0;103.5;25.875;-1;6;3;400;0;500;50;1;0;5;16;1;1;1;1;1;1;1;1;1;1;1600;0;0;0;0;0;1;1;1;1;1;6;5;0;0;0;1;1;4;0
151217_0935;6;0;10;6;18;-1;6;-1;951.25;6;900;0;0;0;1;-1;0;0;205;51.25;-1;6;12;500;1;500;34;1;0;4;1;1;1;1;1;1;1;1;1;1;1;1500;1;1;1;0;0;1;1;1;0;0;1;4;0;1;0;1;0;2;2
151217_0935;6;0;10;6;19;-1;4;-1;768.125;5;750;600;60;60;1;-1;0;0;312.5;78.125;-1;5;2;500;0;500;52;1;1;4;15;1;1;1;3;1;1;1;1;3;1;2100;1;1;1;0;1;0;1;1;1;0;1;3;0;1;1;1;1;2;0
151217_0935;6;0;10;6;20;-1;4;-1;1.228.125;8;1200;500;50;50;1;-1;0;0;312.5;78.125;-1;8;11;500;0;500;42;1;0;8;88;1;1;3;3;1;1;1;1;1;1;1100;0;0;0;0;0;0;0;0;0;0;99;10;0;0;0;0;0;99;2
151217_0935;6;0;10;6;21;-1;1;-1;766.875;5;750;675;67.5;67.5;1;-1;0;0;337.5;84.375;-1;5;10;500;0;500;52;0;0;4;15;2;1;1;3;1;2;1;1;2;1;2300;0;1;1;1;0;1;0;0;0;0;2;6;1;1;1;1;1;1;1
151217_0935;6;0;10;6;22;-1;3;-1;465.5;3;450;450;45;45;0;-1;0;0;242;60.5;-1;3;10;500;1;500;49;0;0;5;16;3;3;3;3;2;3;1;1;3;1;1300;0;0;0;1;1;1;1;1;1;1;4;3;0;0;0;0;0;99;1
151217_0935;6;0;10;6;23;-1;3;-1;958.5;6;900;20;2;2;1;-1;0;0;242;60.5;-1;6;1;700;1;300;56;0;0;5;13;4;1;1;1;1;1;1;1;1;1;1400;0;1;1;1;0;0;0;1;0;1;2;5;0;0;1;1;1;3;2
151217_0935;6;0;10;6;24;-1;3;-1;1005.5;7;1050;1050;105;105;0;-1;0;0;242;60.5;-1;7;9;750;1;250;36;0;0;4;16;1;1;2;2;1;1;1;1;1;1;1500;0;0;0;0;1;1;1;1;1;1;5;4;0;0;0;0;0;99;0
151217_0935;7;0;10;7;1;-1;6;-1;618.75;4;600;250;25;25;1;-1;0;0;175;43.75;-1;4;4;1000;0;500;48;1;0;9;89;1;1;1;3;1;1;1;1;1;1;2000;0;0;0;0;0;0;1;1;1;1;7;6;1;1;0;0;0;1;1
151217_0935;7;0;10;7;2;-1;4;-1;1.457.375;10;1500;1500;150;150;0;-1;0;0;429.5;107.375;-1;10;12;500;0;100;38;1;0;2;13;1;1;1;3;1;1;1;1;1;1;900;0;0;0;0;0;0;0;0;0;0;99;10;0;0;0;0;0;99;3
151217_0935;7;0;10;7;3;-1;1;-1;1460.25;10;1500;1500;150;150;0;-1;0;0;441;110.25;-1;10;1;300;0;500;29;1;0;0;16;3;1;1;1;1;1;1;1;3;1;1500;0;0;0;1;1;1;1;1;1;1;4;3;0;0;0;0;0;99;0
151217_0935;7;0;10;7;4;-1;2;-1;13.125;0;0;0;0;0;0;-1;0;0;52.5;13.125;-1;0;11;500;1;500;43;0;1;5;14;1;1;1;1;1;1;1;1;1;1;2500;1;0;0;1;0;0;0;1;1;1;1;5;1;1;1;1;1;1;0
151217_0935;7;0;10;7;5;-1;5;-1;915;6;900;500;50;50;1;-1;0;0;260;65;-1;6;3;600;1;400;40;0;1;5;10;1;1;2;1;1;2;1;1;1;1;2400;1;1;0;1;1;0;1;0;0;1;1;4;1;1;1;0;0;1;0
151217_0935;7;0;10;7;6;-1;6;-1;583.75;4;600;600;60;60;0;-1;0;0;175;43.75;-1;4;7;800;1;200;40;0;0;8;15;1;1;1;2;1;1;1;1;1;1;1900;0;1;0;1;1;0;0;0;1;0;2;6;1;1;1;1;1;1;3
151217_0935;7;0;10;7;7;-1;5;-1;740;5;750;750;75;75;0;-1;0;0;260;65;-1;5;4;0;1;1000;51;0;0;2;11;1;1;1;1;1;1;1;1;1;1;2300;0;0;0;0;0;0;0;0;0;1;10;9;1;1;1;1;1;1;1
151217_0935;7;0;10;7;8;-1;3;-1;1170.5;8;1200;1200;120;120;0;-1;0;0;362;90.5;-1;8;2;500;1;500;37;1;0;5;16;1;1;1;3;1;1;1;1;2;1;1500;0;0;0;0;0;1;1;1;1;1;6;5;0;0;0;0;0;99;0
151217_0935;7;0;10;7;9;-1;1;-1;1460.25;10;1500;1500;150;150;0;-1;0;0;441;110.25;-1;10;5;500;1;500;26;0;0;5;13;3;1;2;3;2;1;1;1;2;1;1800;0;1;0;0;0;0;1;1;1;1;2;5;0;1;0;0;0;2;0
151217_0935;7;0;10;7;10;-1;2;-1;13.125;0;0;0;0;0;0;-1;0;0;52.5;13.125;-1;0;5;500;0;500;65;0;0;5;9;1;3;3;1;1;1;1;1;3;1;1500;0;1;0;0;1;0;1;0;0;0;2;7;0;0;1;0;1;3;1
151217_0935;7;0;10;7;11;-1;4;-1;1.062.875;7;1050;945;94.5;94.5;1;-1;0;0;429.5;107.375;-1;7;6;400;1;600;23;0;0;6;15;1;1;2;1;1;1;1;1;1;1;1300;0;0;0;0;1;1;1;1;1;1;5;4;0;0;0;0;0;99;1
151217_0935;7;0;10;7;12;-1;5;-1;875;6;900;900;90;90;0;-1;0;0;260;65;-1;6;6;600;0;500;54;1;0;10;12;1;4;4;1;1;1;1;3;4;1;700;0;0;0;0;0;1;1;0;1;1;6;6;0;0;0;0;0;99;4
151217_0935;7;0;10;7;13;-1;2;-1;1.201.125;8;1200;120;12;12;1;-1;0;0;52.5;13.125;-1;8;9;250;0;500;51;1;1;8;9;3;1;3;3;3;3;1;1;3;1;1400;0;1;0;0;0;1;0;0;0;1;2;7;0;0;0;1;1;4;1
151217_0935;7;0;10;7;14;-1;5;-1;920;6;900;450;45;45;1;-1;0;0;260;65;-1;6;8;600;1;400;47;0;0;4;88;1;1;1;1;1;1;1;1;1;1;1900;0;1;0;1;0;0;0;1;1;0;2;6;1;0;1;0;1;1;1
151217_0935;7;0;10;7;15;-1;1;-1;650.25;4;600;600;60;60;0;-1;0;0;441;110.25;-1;4;7;200;0;200;44;0;0;5;88;1;1;1;1;1;1;1;1;1;1;1300;0;0;1;0;1;0;0;0;1;1;3;6;0;0;1;0;0;3;2
151217_0935;7;0;10;7;16;-1;6;-1;853.75;6;900;900;90;90;0;-1;0;0;175;43.75;-1;6;8;400;0;300;46;1;1;6;13;1;1;1;2;1;1;1;1;1;1;1000;1;0;1;0;0;0;0;0;0;0;1;8;0;0;0;1;1;4;3
151217_0935;7;0;10;7;17;-1;2;-1;422.625;3;450;405;40.5;40.5;1;-1;0;0;52.5;13.125;-1;3;3;400;0;500;50;1;0;5;16;1;1;1;1;1;1;1;1;1;1;1600;0;0;0;0;0;1;1;1;1;1;6;5;0;0;0;1;1;4;0
151217_0935;7;0;10;7;18;-1;6;-1;643.75;4;600;0;0;0;1;-1;0;0;175;43.75;-1;4;12;500;1;500;34;1;0;4;1;1;1;1;1;1;1;1;1;1;1;1500;1;1;1;0;0;1;1;1;0;0;1;4;0;1;0;1;0;2;2
151217_0935;7;0;10;7;19;-1;4;-1;1.322.375;9;1350;1350;135;135;0;-1;0;0;429.5;107.375;-1;9;2;500;0;500;52;1;1;4;15;1;1;1;3;1;1;1;1;3;1;2100;1;1;1;0;1;0;1;1;1;0;1;3;0;1;1;1;1;2;0
151217_0935;7;0;10;7;20;-1;4;-1;807.375;5;750;500;50;50;1;-1;0;0;429.5;107.375;-1;5;11;500;0;500;42;1;0;8;88;1;1;3;3;1;1;1;1;1;1;1100;0;0;0;0;0;0;0;0;0;0;99;10;0;0;0;0;0;99;2
151217_0935;7;0;10;7;21;-1;1;-1;929.25;6;900;810;81;81;1;-1;0;0;441;110.25;-1;6;10;500;0;500;52;0;0;4;15;2;1;1;3;1;2;1;1;2;1;2300;0;1;1;1;0;1;0;0;0;0;2;6;1;1;1;1;1;1;1
151217_0935;7;0;10;7;22;-1;3;-1;1185.5;8;1200;1050;105;105;1;-1;0;0;362;90.5;-1;8;10;500;1;500;49;0;0;5;16;3;3;3;3;2;3;1;1;3;1;1300;0;0;0;1;1;1;1;1;1;1;4;3;0;0;0;0;0;99;1
151217_0935;7;0;10;7;23;-1;3;-1;988.5;6;900;20;2;2;1;-1;0;0;362;90.5;-1;6;1;700;1;300;56;0;0;5;13;4;1;1;1;1;1;1;1;1;1;1400;0;1;1;1;0;0;0;1;0;1;2;5;0;0;1;1;1;3;2
151217_0935;7;0;10;7;24;-1;3;-1;1305.5;9;1350;1350;135;135;0;-1;0;0;362;90.5;-1;9;9;750;1;250;36;0;0;4;16;1;1;2;2;1;1;1;1;1;1;1500;0;0;0;0;1;1;1;1;1;1;5;4;0;0;0;0;0;99;0
151217_0935;8;0;10;8;1;-1;6;-1;618.75;4;600;250;25;25;1;-1;0;0;175;43.75;-1;4;4;1000;0;500;48;1;0;9;89;1;1;1;3;1;1;1;1;1;1;2000;0;0;0;0;0;0;1;1;1;1;7;6;1;1;0;0;0;1;1
151217_0935;8;0;10;8;2;-1;4;-1;1167.5;8;1200;1200;120;120;0;-1;0;0;350;87.5;-1;8;12;500;0;100;38;1;0;2;13;1;1;1;3;1;1;1;1;1;1;900;0;0;0;0;0;0;0;0;0;0;99;10;0;0;0;0;0;99;3
151217_0935;8;0;10;8;3;-1;1;-1;1041.5;7;1050;1050;105;105;0;-1;0;0;386;96.5;-1;7;1;300;0;500;29;1;0;0;16;3;1;1;1;1;1;1;1;3;1;1500;0;0;0;1;1;1;1;1;1;1;4;3;0;0;0;0;0;99;0
151217_0935;8;0;10;8;4;-1;2;-1;780;5;750;0;0;0;1;-1;0;0;120;30;-1;5;11;500;1;500;43;0;1;5;14;1;1;1;1;1;1;1;1;1;1;2500;1;0;0;1;0;0;0;1;1;1;1;5;1;1;1;1;1;1;0
151217_0935;8;0;10;8;5;-1;5;-1;616.25;4;600;200;20;20;1;-1;0;0;145;36.25;-1;4;3;600;1;400;40;0;1;5;10;1;1;2;1;1;2;1;1;1;1;2400;1;1;0;1;1;0;1;0;0;1;1;4;1;1;1;0;0;1;0
151217_0935;8;0;10;8;6;-1;6;-1;448.75;3;450;450;45;45;0;-1;0;0;175;43.75;-1;3;7;800;1;200;40;0;0;8;15;1;1;1;2;1;1;1;1;1;1;1900;0;1;0;1;1;0;0;0;1;0;2;6;1;1;1;1;1;1;3
151217_0935;8;0;10;8;7;-1;5;-1;711.25;5;750;750;75;75;0;-1;0;0;145;36.25;-1;5;4;0;1;1000;51;0;0;2;11;1;1;1;1;1;1;1;1;1;1;2300;0;0;0;0;0;0;0;0;0;1;10;9;1;1;1;1;1;1;1
151217_0935;8;0;10;8;8;-1;3;-1;739;5;750;750;75;75;0;-1;0;0;256;64;-1;5;2;500;1;500;37;1;0;5;16;1;1;1;3;1;1;1;1;2;1;1500;0;0;0;0;0;1;1;1;1;1;6;5;0;0;0;0;0;99;0
151217_0935;8;0;10;8;9;-1;1;-1;1456.5;10;1500;1400;140;140;1;-1;0;0;386;96.5;-1;10;5;500;1;500;26;0;0;5;13;3;1;2;3;2;1;1;1;2;1;1800;0;1;0;0;0;0;1;1;1;1;2;5;0;1;0;0;0;2;0
151217_0935;8;0;10;8;10;-1;2;-1;315;2;300;150;15;15;1;-1;0;0;120;30;-1;2;5;500;0;500;65;0;0;5;9;1;3;3;1;1;1;1;1;3;1;1500;0;1;0;0;1;0;1;0;0;0;2;7;0;0;1;0;1;3;1
151217_0935;8;0;10;8;11;-1;4;-1;897.5;6;900;900;90;90;0;-1;0;0;350;87.5;-1;6;6;400;1;600;23;0;0;6;15;1;1;2;1;1;1;1;1;1;1;1300;0;0;0;0;1;1;1;1;1;1;5;4;0;0;0;0;0;99;1
151217_0935;8;0;10;8;12;-1;5;-1;786.25;5;750;0;0;0;1;-1;0;0;145;36.25;-1;5;6;600;0;500;54;1;0;10;12;1;4;4;1;1;1;1;3;4;1;700;0;0;0;0;0;1;1;0;1;1;6;6;0;0;0;0;0;99;4
151217_0935;8;0;10;8;13;-1;2;-1;1069.5;7;1050;105;10.5;10.5;1;-1;0;0;120;30;-1;7;9;250;0;500;51;1;1;8;9;3;1;3;3;3;3;1;1;3;1;1400;0;1;0;0;0;1;0;0;0;1;2;7;0;0;0;1;1;4;1
151217_0935;8;0;10;8;14;-1;5;-1;736.25;5;750;500;50;50;1;-1;0;0;145;36.25;-1;5;8;600;1;400;47;0;0;4;88;1;1;1;1;1;1;1;1;1;1;1900;0;1;0;1;0;0;0;1;1;0;2;6;1;0;1;0;1;1;1
151217_0935;8;0;10;8;15;-1;1;-1;636.5;4;600;600;60;60;0;-1;0;0;386;96.5;-1;4;7;200;0;200;44;0;0;5;88;1;1;1;1;1;1;1;1;1;1;1300;0;0;1;0;1;0;0;0;1;1;3;6;0;0;1;0;0;3;2
151217_0935;8;0;10;8;16;-1;6;-1;988.75;7;1050;1050;105;105;0;-1;0;0;175;43.75;-1;7;8;400;0;300;46;1;1;6;13;1;1;1;2;1;1;1;1;1;1;1000;1;0;1;0;0;0;0;0;0;0;1;8;0;0;0;1;1;4;3
151217_0935;8;0;10;8;17;-1;2;-1;985.5;7;1050;945;94.5;94.5;1;-1;0;0;120;30;-1;7;3;400;0;500;50;1;0;5;16;1;1;1;1;1;1;1;1;1;1;1600;0;0;0;0;0;1;1;1;1;1;6;5;0;0;0;1;1;4;0
151217_0935;8;0;10;8;18;-1;6;-1;493.75;3;450;0;0;0;1;-1;0;0;175;43.75;-1;3;12;500;1;500;34;1;0;4;1;1;1;1;1;1;1;1;1;1;1;1500;1;1;1;0;0;1;1;1;0;0;1;4;0;1;0;1;0;2;2
151217_0935;8;0;10;8;19;-1;4;-1;897.5;6;900;900;90;90;0;-1;0;0;350;87.5;-1;6;2;500;0;500;52;1;1;4;15;1;1;1;3;1;1;1;1;3;1;2100;1;1;1;0;1;0;1;1;1;0;1;3;0;1;1;1;1;2;0
151217_0935;8;0;10;8;20;-1;4;-1;1237.5;8;1200;500;50;50;1;-1;0;0;350;87.5;-1;8;11;500;0;500;42;1;0;8;88;1;1;3;3;1;1;1;1;1;1;1100;0;0;0;0;0;0;0;0;0;0;99;10;0;0;0;0;0;99;2
151217_0935;8;0;10;8;21;-1;1;-1;915.5;6;900;810;81;81;1;-1;0;0;386;96.5;-1;6;10;500;0;500;52;0;0;4;15;2;1;1;3;1;2;1;1;2;1;2300;0;1;1;1;0;1;0;0;0;0;2;6;1;1;1;1;1;1;1
151217_0935;8;0;10;8;22;-1;3;-1;1159;8;1200;1050;105;105;1;-1;0;0;256;64;-1;8;10;500;1;500;49;0;0;5;16;3;3;3;3;2;3;1;1;3;1;1300;0;0;0;1;1;1;1;1;1;1;4;3;0;0;0;0;0;99;1
151217_0935;8;0;10;8;23;-1;3;-1;663;4;600;10;1;1;1;-1;0;0;256;64;-1;4;1;700;1;300;56;0;0;5;13;4;1;1;1;1;1;1;1;1;1;1400;0;1;1;1;0;0;0;1;0;1;2;5;0;0;1;1;1;3;2
151217_0935;8;0;10;8;24;-1;3;-1;739;5;750;750;75;75;0;-1;0;0;256;64;-1;5;9;750;1;250;36;0;0;4;16;1;1;2;2;1;1;1;1;1;1;1500;0;0;0;0;1;1;1;1;1;1;5;4;0;0;0;0;0;99;0
151217_0935;9;0;10;9;1;-1;6;-1;761.25;5;750;250;25;25;1;-1;0;0;145;36.25;-1;5;4;1000;0;500;48;1;0;9;89;1;1;1;3;1;1;1;1;1;1;2000;0;0;0;0;0;0;1;1;1;1;7;6;1;1;0;0;0;1;1
151217_0935;9;0;10;9;2;-1;4;-1;1172.75;8;1200;1200;120;120;0;-1;0;0;371;92.75;-1;8;12;500;0;100;38;1;0;2;13;1;1;1;3;1;1;1;1;1;1;900;0;0;0;0;0;0;0;0;0;0;99;10;0;0;0;0;0;99;3
151217_0935;9;0;10;9;3;-1;1;-1;1.183.625;8;1200;1200;120;120;0;-1;0;0;414.5;103.625;-1;8;1;300;0;500;29;1;0;0;16;3;1;1;1;1;1;1;1;3;1;1500;0;0;0;1;1;1;1;1;1;1;4;3;0;0;0;0;0;99;0
151217_0935;9;0;10;9;4;-1;2;-1;784.25;5;750;0;0;0;1;-1;0;0;137;34.25;-1;5;11;500;1;500;43;0;1;5;14;1;1;1;1;1;1;1;1;1;1;2500;1;0;0;1;0;0;0;1;1;1;1;5;1;1;1;1;1;1;0
151217_0935;9;0;10;9;5;-1;5;-1;746.25;5;750;500;50;50;1;-1;0;0;185;46.25;-1;5;3;600;1;400;40;0;1;5;10;1;1;2;1;1;2;1;1;1;1;2400;1;1;0;1;1;0;1;0;0;1;1;4;1;1;1;0;0;1;0
151217_0935;9;0;10;9;6;-1;6;-1;441.25;3;450;450;45;45;0;-1;0;0;145;36.25;-1;3;7;800;1;200;40;0;0;8;15;1;1;1;2;1;1;1;1;1;1;1900;0;1;0;1;1;0;0;0;1;0;2;6;1;1;1;1;1;1;3
151217_0935;9;0;10;9;7;-1;5;-1;856.25;6;900;900;90;90;0;-1;0;0;185;46.25;-1;6;4;0;1;1000;51;0;0;2;11;1;1;1;1;1;1;1;1;1;1;2300;0;0;0;0;0;0;0;0;0;1;10;9;1;1;1;1;1;1;1
151217_0935;9;0;10;9;8;-1;3;-1;746.375;5;750;750;75;75;0;-1;0;0;285.5;71.375;-1;5;2;500;1;500;37;1;0;5;16;1;1;1;3;1;1;1;1;2;1;1500;0;0;0;0;0;1;1;1;1;1;6;5;0;0;0;0;0;99;0
151217_0935;9;0;10;9;9;-1;1;-1;1.603.625;11;1650;1500;150;150;1;-1;0;0;414.5;103.625;-1;11;5;500;1;500;26;0;0;5;13;3;1;2;3;2;1;1;1;2;1;1800;0;1;0;0;0;0;1;1;1;1;2;5;0;1;0;0;0;2;0
151217_0935;9;0;10;9;10;-1;2;-1;319.25;2;300;150;15;15;1;-1;0;0;137;34.25;-1;2;5;500;0;500;65;0;0;5;9;1;3;3;1;1;1;1;1;3;1;1500;0;1;0;0;1;0;1;0;0;0;2;7;0;0;1;0;1;3;1
151217_0935;9;0;10;9;11;-1;4;-1;911.75;6;900;810;81;81;1;-1;0;0;371;92.75;-1;6;6;400;1;600;23;0;0;6;15;1;1;2;1;1;1;1;1;1;1;1300;0;0;0;0;1;1;1;1;1;1;5;4;0;0;0;0;0;99;1
151217_0935;9;0;10;9;12;-1;5;-1;496.25;3;450;0;0;0;1;-1;0;0;185;46.25;-1;3;6;600;0;500;54;1;0;10;12;1;4;4;1;1;1;1;3;4;1;700;0;0;0;0;0;1;1;0;1;1;6;6;0;0;0;0;0;99;4
151217_0935;9;0;10;9;13;-1;2;-1;1073.75;7;1050;105;10.5;10.5;1;-1;0;0;137;34.25;-1;7;9;250;0;500;51;1;1;8;9;3;1;3;3;3;3;1;1;3;1;1400;0;1;0;0;0;1;0;0;0;1;2;7;0;0;0;1;1;4;1
151217_0935;9;0;10;9;14;-1;5;-1;901.25;6;900;450;45;45;1;-1;0;0;185;46.25;-1;6;8;600;1;400;47;0;0;4;88;1;1;1;1;1;1;1;1;1;1;1900;0;1;0;1;0;0;0;1;1;0;2;6;1;0;1;0;1;1;1
151217_0935;9;0;10;9;15;-1;1;-1;643.625;4;600;600;60;60;0;-1;0;0;414.5;103.625;-1;4;7;200;0;200;44;0;0;5;88;1;1;1;1;1;1;1;1;1;1;1300;0;0;1;0;1;0;0;0;1;1;3;6;0;0;1;0;0;3;2
151217_0935;9;0;10;9;16;-1;6;-1;711.25;5;750;750;75;75;0;-1;0;0;145;36.25;-1;5;8;400;0;300;46;1;1;6;13;1;1;1;2;1;1;1;1;1;1;1000;1;0;1;0;0;0;0;0;0;0;1;8;0;0;0;1;1;4;3
151217_0935;9;0;10;9;17;-1;2;-1;1272.75;9;1350;1115;111.5;111.5;1;-1;0;0;137;34.25;-1;9;3;400;0;500;50;1;0;5;16;1;1;1;1;1;1;1;1;1;1;1600;0;0;0;0;0;1;1;1;1;1;6;5;0;0;0;1;1;4;0
151217_0935;9;0;10;9;18;-1;6;-1;486.25;3;450;0;0;0;1;-1;0;0;145;36.25;-1;3;12;500;1;500;34;1;0;4;1;1;1;1;1;1;1;1;1;1;1;1500;1;1;1;0;0;1;1;1;0;0;1;4;0;1;0;1;0;2;2
151217_0935;9;0;10;9;19;-1;4;-1;1172.75;8;1200;1200;120;120;0;-1;0;0;371;92.75;-1;8;2;500;0;500;52;1;1;4;15;1;1;1;3;1;1;1;1;3;1;2100;1;1;1;0;1;0;1;1;1;0;1;3;0;1;1;1;1;2;0
151217_0935;9;0;10;9;20;-1;4;-1;1092.75;7;1050;500;50;50;1;-1;0;0;371;92.75;-1;7;11;500;0;500;42;1;0;8;88;1;1;3;3;1;1;1;1;1;1;1100;0;0;0;0;0;0;0;0;0;0;99;10;0;0;0;0;0;99;2
151217_0935;9;0;10;9;21;-1;1;-1;1.069.125;7;1050;845;84.5;84.5;1;-1;0;0;414.5;103.625;-1;7;10;500;0;500;52;0;0;4;15;2;1;1;3;1;2;1;1;2;1;2300;0;1;1;1;0;1;0;0;0;0;2;6;1;1;1;1;1;1;1
151217_0935;9;0;10;9;22;-1;3;-1;1.166.375;8;1200;1050;105;105;1;-1;0;0;285.5;71.375;-1;8;10;500;1;500;49;0;0;5;16;3;3;3;3;2;3;1;1;3;1;1300;0;0;0;1;1;1;1;1;1;1;4;3;0;0;0;0;0;99;1
151217_0935;9;0;10;9;23;-1;3;-1;820.875;5;750;5;0.5;0.5;1;-1;0;0;285.5;71.375;-1;5;1;700;1;300;56;0;0;5;13;4;1;1;1;1;1;1;1;1;1;1400;0;1;1;1;0;0;0;1;0;1;2;5;0;0;1;1;1;3;2
151217_0935;9;0;10;9;24;-1;3;-1;1.016.375;7;1050;1050;105;105;0;-1;0;0;285.5;71.375;-1;7;9;750;1;250;36;0;0;4;16;1;1;2;2;1;1;1;1;1;1;1500;0;0;0;0;1;1;1;1;1;1;5;4;0;0;0;0;0;99;0
151217_0935;10;0;10;10;1;-1;6;-1;918.75;6;900;250;25;25;1;-1;0;0;175;43.75;-1;6;4;1000;0;500;48;1;0;9;89;1;1;1;3;1;1;1;1;1;1;2000;0;0;0;0;0;0;1;1;1;1;7;6;1;1;0;0;0;1;1
151217_0935;10;0;10;10;2;-1;4;-1;1300.25;9;1350;1350;135;135;0;-1;0;0;341;85.25;-1;9;12;500;0;100;38;1;0;2;13;1;1;1;3;1;1;1;1;1;1;900;0;0;0;0;0;0;0;0;0;0;99;10;0;0;0;0;0;99;3
151217_0935;10;0;10;10;3;-1;1;-1;1.328.625;9;1350;1350;135;135;0;-1;0;0;454.5;113.625;-1;9;1;300;0;500;29;1;0;0;16;3;1;1;1;1;1;1;1;3;1;1500;0;0;0;1;1;1;1;1;1;1;4;3;0;0;0;0;0;99;0
151217_0935;10;0;10;10;4;-1;2;-1;629.625;4;600;0;0;0;1;-1;0;0;118.5;29.625;-1;4;11;500;1;500;43;0;1;5;14;1;1;1;1;1;1;1;1;1;1;2500;1;0;0;1;0;0;0;1;1;1;1;5;1;1;1;1;1;1;0
151217_0935;10;0;10;10;5;-1;5;-1;611.25;4;600;300;30;30;1;-1;0;0;165;41.25;-1;4;3;600;1;400;40;0;1;5;10;1;1;2;1;1;2;1;1;1;1;2400;1;1;0;1;1;0;1;0;0;1;1;4;1;1;1;0;0;1;0
151217_0935;10;0;10;10;6;-1;6;-1;718.75;5;750;750;75;75;0;-1;0;0;175;43.75;-1;5;7;800;1;200;40;0;0;8;15;1;1;1;2;1;1;1;1;1;1;1900;0;1;0;1;1;0;0;0;1;0;2;6;1;1;1;1;1;1;3
151217_0935;10;0;10;10;7;-1;5;-1;986.25;7;1050;1050;105;105;0;-1;0;0;165;41.25;-1;7;4;0;1;1000;51;0;0;2;11;1;1;1;1;1;1;1;1;1;1;2300;0;0;0;0;0;0;0;0;0;1;10;9;1;1;1;1;1;1;1
151217_0935;10;0;10;10;8;-1;3;-1;872.125;6;900;900;90;90;0;-1;0;0;248.5;62.125;-1;6;2;500;1;500;37;1;0;5;16;1;1;1;3;1;1;1;1;2;1;1500;0;0;0;0;0;1;1;1;1;1;6;5;0;0;0;0;0;99;0
151217_0935;10;0;10;10;9;-1;1;-1;1.598.625;11;1650;1650;165;165;0;-1;0;0;454.5;113.625;-1;11;5;500;1;500;26;0;0;5;13;3;1;2;3;2;1;1;1;2;1;1800;0;1;0;0;0;0;1;1;1;1;2;5;0;1;0;0;0;2;0
151217_0935;10;0;10;10;10;-1;2;-1;164.625;1;150;150;15;15;0;-1;0;0;118.5;29.625;-1;1;5;500;0;500;65;0;0;5;9;1;3;3;1;1;1;1;1;3;1;1500;0;1;0;0;1;0;1;0;0;0;2;7;0;0;1;0;1;3;1
151217_0935;10;0;10;10;11;-1;4;-1;904.25;6;900;810;81;81;1;-1;0;0;341;85.25;-1;6;6;400;1;600;23;0;0;6;15;1;1;2;1;1;1;1;1;1;1;1300;0;0;0;0;1;1;1;1;1;1;5;4;0;0;0;0;0;99;1
151217_0935;10;0;10;10;12;-1;5;-1;341.25;2;300;0;0;0;1;-1;0;0;165;41.25;-1;2;6;600;0;500;54;1;0;10;12;1;4;4;1;1;1;1;3;4;1;700;0;0;0;0;0;1;1;0;1;1;6;6;0;0;0;0;0;99;4
151217_0935;10;0;10;10;13;-1;2;-1;920.625;6;900;90;9;9;1;-1;0;0;118.5;29.625;-1;6;9;250;0;500;51;1;1;8;9;3;1;3;3;3;3;1;1;3;1;1400;0;1;0;0;0;1;0;0;0;1;2;7;0;0;0;1;1;4;1
151217_0935;10;0;10;10;14;-1;5;-1;461.25;3;450;300;30;30;1;-1;0;0;165;41.25;-1;3;8;600;1;400;47;0;0;4;88;1;1;1;1;1;1;1;1;1;1;1900;0;1;0;1;0;0;0;1;1;0;2;6;1;0;1;0;1;1;1
151217_0935;10;0;10;10;15;-1;1;-1;653.625;4;600;600;60;60;0;-1;0;0;454.5;113.625;-1;4;7;200;0;200;44;0;0;5;88;1;1;1;1;1;1;1;1;1;1;1300;0;0;1;0;1;0;0;0;1;1;3;6;0;0;1;0;0;3;2
151217_0935;10;0;10;10;16;-1;6;-1;718.75;5;750;750;75;75;0;-1;0;0;175;43.75;-1;5;8;400;0;300;46;1;1;6;13;1;1;1;2;1;1;1;1;1;1;1000;1;0;1;0;0;0;0;0;0;0;1;8;0;0;0;1;1;4;3
151217_0935;10;0;10;10;17;-1;2;-1;985.125;7;1050;945;94.5;94.5;1;-1;0;0;118.5;29.625;-1;7;3;400;0;500;50;1;0;5;16;1;1;1;1;1;1;1;1;1;1;1600;0;0;0;0;0;1;1;1;1;1;6;5;0;0;0;1;1;4;0
151217_0935;10;0;10;10;18;-1;6;-1;643.75;4;600;0;0;0;1;-1;0;0;175;43.75;-1;4;12;500;1;500;34;1;0;4;1;1;1;1;1;1;1;1;1;1;1;1500;1;1;1;0;0;1;1;1;0;0;1;4;0;1;0;1;0;2;2
151217_0935;10;0;10;10;19;-1;4;-1;760.25;5;750;750;75;75;0;-1;0;0;341;85.25;-1;5;2;500;0;500;52;1;1;4;15;1;1;1;3;1;1;1;1;3;1;2100;1;1;1;0;1;0;1;1;1;0;1;3;0;1;1;1;1;2;0
151217_0935;10;0;10;10;20;-1;4;-1;1085.25;7;1050;500;50;50;1;-1;0;0;341;85.25;-1;7;11;500;0;500;42;1;0;8;88;1;1;3;3;1;1;1;1;1;1;1100;0;0;0;0;0;0;0;0;0;0;99;10;0;0;0;0;0;99;2
151217_0935;10;0;10;10;21;-1;1;-1;1.069.125;7;1050;945;94.5;94.5;1;-1;0;0;454.5;113.625;-1;7;10;500;0;500;52;0;0;4;15;2;1;1;3;1;2;1;1;2;1;2300;0;1;1;1;0;1;0;0;0;0;2;6;1;1;1;1;1;1;1
151217_0935;10;0;10;10;22;-1;3;-1;774.625;5;750;375;37.5;37.5;1;-1;0;0;248.5;62.125;-1;5;10;500;1;500;49;0;0;5;16;3;3;3;3;2;3;1;1;3;1;1300;0;0;0;1;1;1;1;1;1;1;4;3;0;0;0;0;0;99;1
151217_0935;10;0;10;10;23;-1;3;-1;811.125;5;750;10;1;1;1;-1;0;0;248.5;62.125;-1;5;1;700;1;300;56;0;0;5;13;4;1;1;1;1;1;1;1;1;1;1400;0;1;1;1;0;0;0;1;0;1;2;5;0;0;1;1;1;3;2
151217_0935;10;0;10;10;24;-1;3;-1;1.142.125;8;1200;1200;120;120;0;-1;0;0;248.5;62.125;-1;8;9;750;1;250;36;0;0;4;16;1;1;2;2;1;1;1;1;1;1;1500;0;0;0;0;1;1;1;1;1;1;5;4;0;0;0;0;0;99;0
151217_0935;1;10;10;1;1;-1;6;-1;630.25;4;600;100;10;10;1;-1;0;0;161;40.25;-1;4;4;1000;0;500;48;1;0;9;89;1;1;1;3;1;1;1;1;1;1;2000;0;0;0;0;0;0;1;1;1;1;7;6;1;1;0;0;0;1;1
151217_0935;1;10;10;1;2;-1;4;-1;1.314.875;9;1350;1350;135;135;0;-1;0;0;399.5;99.875;-1;9;12;500;0;100;38;1;0;2;13;1;1;1;3;1;1;1;1;1;1;900;0;0;0;0;0;0;0;0;0;0;99;10;0;0;0;0;0;99;3
151217_0935;1;10;10;1;3;-1;1;-1;1.059.125;7;1050;1050;105;105;0;-1;0;0;456.5;114.125;-1;7;1;300;0;500;29;1;0;0;16;3;1;1;1;1;1;1;1;3;1;1500;0;0;0;1;1;1;1;1;1;1;4;3;0;0;0;0;0;99;0
151217_0935;1;10;10;1;4;-1;2;-1;792.05;5;750;0;0;0;1;-1;0;0;168.2;42.05;-1;5;11;500;1;500;43;0;1;5;14;1;1;1;1;1;1;1;1;1;1;2500;1;0;0;1;0;0;0;1;1;1;1;5;1;1;1;1;1;1;0
151217_0935;1;10;10;1;5;-1;5;-1;767.5;5;750;350;35;35;1;-1;0;0;210;52.5;-1;5;3;600;1;400;40;0;1;5;10;1;1;2;1;1;2;1;1;1;1;2400;1;1;0;1;1;0;1;0;0;1;1;4;1;1;1;0;0;1;0
151217_0935;1;10;10;1;6;-1;6;-1;580.25;4;600;600;60;60;0;-1;0;0;161;40.25;-1;4;7;800;1;200;40;0;0;8;15;1;1;1;2;1;1;1;1;1;1;1900;0;1;0;1;1;0;0;0;1;0;2;6;1;1;1;1;1;1;3
151217_0935;1;10;10;1;7;-1;5;-1;862.5;6;900;900;90;90;0;-1;0;0;210;52.5;-1;6;4;0;1;1000;51;0;0;2;11;1;1;1;1;1;1;1;1;1;1;2300;0;0;0;0;0;0;0;0;0;1;10;9;1;1;1;1;1;1;1
151217_0935;1;10;10;1;8;-1;3;-1;1026.65;7;1050;1050;105;105;0;-1;0;0;326.6;8.165.000.000.000.000;-1;7;2;500;1;500;37;1;0;5;16;1;1;1;3;1;1;1;1;2;1;1500;0;0;0;0;0;1;1;1;1;1;6;5;0;0;0;0;0;99;0
151217_0935;1;10;10;1;9;-1;1;-1;1.479.125;10;1500;1350;135;135;1;-1;0;0;456.5;114.125;-1;10;5;500;1;500;26;0;0;5;13;3;1;2;3;2;1;1;1;2;1;1800;0;1;0;0;0;0;1;1;1;1;2;5;0;1;0;0;0;2;0
151217_0935;1;10;10;1;10;-1;2;-1;191.85;1;150;2;0.2;0.2;1;-1;0;0;168.2;42.05;-1;1;5;500;0;500;65;0;0;5;9;1;3;3;1;1;1;1;1;3;1;1500;0;1;0;0;1;0;1;0;0;0;2;7;0;0;1;0;1;3;1
151217_0935;1;10;10;1;11;-1;4;-1;1.055.375;7;1050;945;94.5;94.5;1;-1;0;0;399.5;99.875;-1;7;6;400;1;600;23;0;0;6;15;1;1;2;1;1;1;1;1;1;1;1300;0;0;0;0;1;1;1;1;1;1;5;4;0;0;0;0;0;99;1
151217_0935;1;10;10;1;12;-1;5;-1;592.5;4;600;600;60;60;0;-1;0;0;210;52.5;-1;4;6;600;0;500;54;1;0;10;12;1;4;4;1;1;1;1;3;4;1;700;0;0;0;0;0;1;1;0;1;1;6;6;0;0;0;0;0;99;4
151217_0935;1;10;10;1;13;-1;2;-1;1081.55;7;1050;105;10.5;10.5;1;-1;0;0;168.2;42.05;-1;7;9;250;0;500;51;1;1;8;9;3;1;3;3;3;3;1;1;3;1;1400;0;1;0;0;0;1;0;0;0;1;2;7;0;0;0;1;1;4;1
151217_0935;1;10;10;1;14;-1;5;-1;477.5;3;450;250;25;25;1;-1;0;0;210;52.5;-1;3;8;600;1;400;47;0;0;4;88;1;1;1;1;1;1;1;1;1;1;1900;0;1;0;1;0;0;0;1;1;0;2;6;1;0;1;0;1;1;1
151217_0935;1;10;10;1;15;-1;1;-1;655.125;4;600;590;59;59;1;-1;0;0;456.5;114.125;-1;4;7;200;0;200;44;0;0;5;88;1;1;1;1;1;1;1;1;1;1;1300;0;0;1;0;1;0;0;0;1;1;3;6;0;0;1;0;0;3;2
151217_0935;1;10;10;1;16;-1;6;-1;850.25;6;900;900;90;90;0;-1;0;0;161;40.25;-1;6;8;400;0;300;46;1;1;6;13;1;1;1;2;1;1;1;1;1;1;1000;1;0;1;0;0;0;0;0;0;0;1;8;0;0;0;1;1;4;3
151217_0935;1;10;10;1;17;-1;2;-1;934.55;7;1050;945;94.5;157.5;1;-1;1;52.5;168.2;42.05;-1;7;3;400;0;500;50;1;0;5;16;1;1;1;1;1;1;1;1;1;1;1600;0;0;0;0;0;1;1;1;1;1;6;5;0;0;0;1;1;4;0
151217_0935;1;10;10;1;18;-1;6;-1;939.25;6;900;10;1;1;1;-1;0;0;161;40.25;-1;6;12;500;1;500;34;1;0;4;1;1;1;1;1;1;1;1;1;1;1;1500;1;1;1;0;0;1;1;1;0;0;1;4;0;1;0;1;0;2;2
151217_0935;1;10;10;1;19;-1;4;-1;1.179.875;8;1200;1200;120;120;0;-1;0;0;399.5;99.875;-1;8;2;500;0;500;52;1;1;4;15;1;1;1;3;1;1;1;1;3;1;2100;1;1;1;0;1;0;1;1;1;0;1;3;0;1;1;1;1;2;0
151217_0935;1;10;10;1;20;-1;4;-1;949.875;6;900;500;50;50;1;-1;0;0;399.5;99.875;-1;6;11;500;0;500;42;1;0;8;88;1;1;3;3;1;1;1;1;1;1;1100;0;0;0;0;0;0;0;0;0;0;99;10;0;0;0;0;0;99;2
151217_0935;1;10;10;1;21;-1;1;-1;1.006.625;7;1050;945;94.5;157.5;1;-1;1;52.5;456.5;114.125;-1;7;10;500;0;500;52;0;0;4;15;2;1;1;3;1;2;1;1;2;1;2300;0;1;1;1;0;1;0;0;0;0;2;6;1;1;1;1;1;1;1
151217_0935;1;10;10;1;22;-1;3;-1;1041.65;7;1050;900;90;90;1;-1;0;0;326.6;8.165.000.000.000.000;-1;7;10;500;1;500;49;0;0;5;16;3;3;3;3;2;3;1;1;3;1;1300;0;0;0;1;1;1;1;1;1;1;4;3;0;0;0;0;0;99;1
151217_0935;1;10;10;1;23;-1;3;-1;1120.05;7;1050;116;11.6;11.6;1;-1;0;0;326.6;8.165.000.000.000.000;-1;7;1;700;1;300;56;0;0;5;13;4;1;1;1;1;1;1;1;1;1;1400;0;1;1;1;0;0;0;1;0;1;2;5;0;0;1;1;1;3;2
151217_0935;1;10;10;1;24;-1;3;-1;1161.65;8;1200;1200;120;120;0;-1;0;0;326.6;8.165.000.000.000.000;-1;8;9;750;1;250;36;0;0;4;16;1;1;2;2;1;1;1;1;1;1;1500;0;0;0;0;1;1;1;1;1;1;5;4;0;0;0;0;0;99;0
151217_0935;2;10;10;2;1;-1;6;-1;604;4;600;250;25;25;1;-1;0;0;116;29;-1;4;4;1000;0;500;48;1;0;9;89;1;1;1;3;1;1;1;1;1;1;2000;0;0;0;0;0;0;1;1;1;1;7;6;1;1;0;0;0;1;1
151217_0935;2;10;10;2;2;-1;4;-1;1.030.625;7;1050;1050;105;105;0;-1;0;0;342.5;85.625;-1;7;12;500;0;100;38;1;0;2;13;1;1;1;3;1;1;1;1;1;1;900;0;0;0;0;0;0;0;0;0;0;99;10;0;0;0;0;0;99;3
151217_0935;2;10;10;2;3;-1;1;-1;1331.75;9;1350;1350;135;135;0;-1;0;0;467;116.75;-1;9;1;300;0;500;29;1;0;0;16;3;1;1;1;1;1;1;1;3;1;1500;0;0;0;1;1;1;1;1;1;1;4;3;0;0;0;0;0;99;0
151217_0935;2;10;10;2;4;-1;2;-1;480.5;3;450;0;0;0;1;-1;0;0;122;30.5;-1;3;11;500;1;500;43;0;1;5;14;1;1;1;1;1;1;1;1;1;1;2500;1;0;0;1;0;0;0;1;1;1;1;5;1;1;1;1;1;1;0
151217_0935;2;10;10;2;5;-1;5;-1;923.75;6;900;500;50;50;1;-1;0;0;295;73.75;-1;6;3;600;1;400;40;0;1;5;10;1;1;2;1;1;2;1;1;1;1;2400;1;1;0;1;1;0;1;0;0;1;1;4;1;1;1;0;0;1;0
151217_0935;2;10;10;2;6;-1;6;-1;299;2;300;300;30;30;0;-1;0;0;116;29;-1;2;7;800;1;200;40;0;0;8;15;1;1;1;2;1;1;1;1;1;1;1900;0;1;0;1;1;0;0;0;1;0;2;6;1;1;1;1;1;1;3
151217_0935;2;10;10;2;7;-1;5;-1;1018.75;7;1050;1050;105;105;0;-1;0;0;295;73.75;-1;7;4;0;1;1000;51;0;0;2;11;1;1;1;1;1;1;1;1;1;1;2300;0;0;0;0;0;0;0;0;0;1;10;9;1;1;1;1;1;1;1
151217_0935;2;10;10;2;8;-1;3;-1;877.75;6;900;900;90;90;0;-1;0;0;271;67.75;-1;6;2;500;1;500;37;1;0;5;16;1;1;1;3;1;1;1;1;2;1;1500;0;0;0;0;0;1;1;1;1;1;6;5;0;0;0;0;0;99;0
151217_0935;2;10;10;2;9;-1;1;-1;1466.75;10;1500;1500;150;150;0;-1;0;0;467;116.75;-1;10;5;500;1;500;26;0;0;5;13;3;1;2;3;2;1;1;1;2;1;1800;0;1;0;0;0;0;1;1;1;1;2;5;0;1;0;0;0;2;0
151217_0935;2;10;10;2;10;-1;2;-1;310.5;2;300;200;20;20;1;-1;0;0;122;30.5;-1;2;5;500;0;500;65;0;0;5;9;1;3;3;1;1;1;1;1;3;1;1500;0;1;0;0;1;0;1;0;0;0;2;7;0;0;1;0;1;3;1
151217_0935;2;10;10;2;11;-1;4;-1;768.125;5;750;675;67.5;67.5;1;-1;0;0;342.5;85.625;-1;5;6;400;1;600;23;0;0;6;15;1;1;2;1;1;1;1;1;1;1;1300;0;0;0;0;1;1;1;1;1;1;5;4;0;0;0;0;0;99;1
151217_0935;2;10;10;2;12;-1;5;-1;883.75;6;900;900;90;90;0;-1;0;0;295;73.75;-1;6;6;600;0;500;54;1;0;10;12;1;4;4;1;1;1;1;3;4;1;700;0;0;0;0;0;1;1;0;1;1;6;6;0;0;0;0;0;99;4
151217_0935;2;10;10;2;13;-1;2;-1;773;5;750;75;7.5;7.5;1;-1;0;0;122;30.5;-1;5;9;250;0;500;51;1;1;8;9;3;1;3;3;3;3;1;1;3;1;1400;0;1;0;0;0;1;0;0;0;1;2;7;0;0;0;1;1;4;1
151217_0935;2;10;10;2;14;-1;5;-1;773.75;5;750;500;50;50;1;-1;0;0;295;73.75;-1;5;8;600;1;400;47;0;0;4;88;1;1;1;1;1;1;1;1;1;1;1900;0;1;0;1;0;0;0;1;1;0;2;6;1;0;1;0;1;1;1
151217_0935;2;10;10;2;15;-1;1;-1;792.75;5;750;740;74;74;1;-1;0;0;467;116.75;-1;5;7;200;0;200;44;0;0;5;88;1;1;1;1;1;1;1;1;1;1;1300;0;0;1;0;1;0;0;0;1;1;3;6;0;0;1;0;0;3;2
151217_0935;2;10;10;2;16;-1;6;-1;569;4;600;600;60;60;0;-1;0;0;116;29;-1;4;8;400;0;300;46;1;1;6;13;1;1;1;2;1;1;1;1;1;1;1000;1;0;1;0;0;0;0;0;0;0;1;8;0;0;0;1;1;4;3
151217_0935;2;10;10;2;17;-1;2;-1;986;7;1050;945;94.5;94.5;1;-1;0;0;122;30.5;-1;7;3;400;0;500;50;1;0;5;16;1;1;1;1;1;1;1;1;1;1;1600;0;0;0;0;0;1;1;1;1;1;6;5;0;0;0;1;1;4;0
151217_0935;2;10;10;2;18;-1;6;-1;328;2;300;10;1;1;1;-1;0;0;116;29;-1;2;12;500;1;500;34;1;0;4;1;1;1;1;1;1;1;1;1;1;1;1500;1;1;1;0;0;1;1;1;0;0;1;4;0;1;0;1;0;2;2
151217_0935;2;10;10;2;19;-1;4;-1;1.165.625;8;1200;1200;120;120;0;-1;0;0;342.5;85.625;-1;8;2;500;0;500;52;1;1;4;15;1;1;1;3;1;1;1;1;3;1;2100;1;1;1;0;1;0;1;1;1;0;1;3;0;1;1;1;1;2;0
151217_0935;2;10;10;2;20;-1;4;-1;1.085.625;7;1050;500;50;50;1;-1;0;0;342.5;85.625;-1;7;11;500;0;500;42;1;0;8;88;1;1;3;3;1;1;1;1;1;1;1100;0;0;0;0;0;0;0;0;0;0;99;10;0;0;0;0;0;99;2
151217_0935;2;10;10;2;21;-1;1;-1;1208.75;8;1200;1080;108;108;1;-1;0;0;467;116.75;-1;8;10;500;0;500;52;0;0;4;15;2;1;1;3;1;2;1;1;2;1;2300;0;1;1;1;0;1;0;0;0;0;2;6;1;1;1;1;1;1;1
151217_0935;2;10;10;2;22;-1;3;-1;907.75;6;900;600;60;60;1;-1;0;0;271;67.75;-1;6;10;500;1;500;49;0;0;5;16;3;3;3;3;2;3;1;1;3;1;1300;0;0;0;1;1;1;1;1;1;1;4;3;0;0;0;0;0;99;1
151217_0935;2;10;10;2;23;-1;3;-1;1266.75;8;1200;10;1;1;1;-1;0;0;271;67.75;-1;8;1;700;1;300;56;0;0;5;13;4;1;1;1;1;1;1;1;1;1;1400;0;1;1;1;0;0;0;1;0;1;2;5;0;0;1;1;1;3;2
151217_0935;2;10;10;2;24;-1;3;-1;1147.75;8;1200;1200;120;120;0;-1;0;0;271;67.75;-1;8;9;750;1;250;36;0;0;4;16;1;1;2;2;1;1;1;1;1;1;1500;0;0;0;0;1;1;1;1;1;1;5;4;0;0;0;0;0;99;0
151217_0935;3;10;10;3;1;-1;6;-1;772.75;5;750;250;25;25;1;-1;0;0;191;47.75;-1;5;4;1000;0;500;48;1;0;9;89;1;1;1;3;1;1;1;1;1;1;2000;0;0;0;0;0;0;1;1;1;1;7;6;1;1;0;0;0;1;1
151217_0935;3;10;10;3;2;-1;4;-1;1167.5;8;1200;1200;120;120;0;-1;0;0;350;87.5;-1;8;12;500;0;100;38;1;0;2;13;1;1;1;3;1;1;1;1;1;1;900;0;0;0;0;0;0;0;0;0;0;99;10;0;0;0;0;0;99;3
151217_0935;3;10;10;3;3;-1;1;-1;1.324.625;9;1350;1350;135;135;0;-1;0;0;438.5;109.625;-1;9;1;300;0;500;29;1;0;0;16;3;1;1;1;1;1;1;1;3;1;1500;0;0;0;1;1;1;1;1;1;1;4;3;0;0;0;0;0;99;0
151217_0935;3;10;10;3;4;-1;2;-1;332.125;2;300;0;0;0;1;-1;0;0;128.5;32.125;-1;2;11;500;1;500;43;0;1;5;14;1;1;1;1;1;1;1;1;1;1;2500;1;0;0;1;0;0;0;1;1;1;1;5;1;1;1;1;1;1;0
151217_0935;3;10;10;3;5;-1;5;-1;1043.75;7;1050;550;55;55;1;-1;0;0;195;48.75;-1;7;3;600;1;400;40;0;1;5;10;1;1;2;1;1;2;1;1;1;1;2400;1;1;0;1;1;0;1;0;0;1;1;4;1;1;1;0;0;1;0
151217_0935;3;10;10;3;6;-1;6;-1;722.75;5;750;750;75;75;0;-1;1;0;191;47.75;-1;5;7;800;1;200;40;0;0;8;15;1;1;1;2;1;1;1;1;1;1;1900;0;1;0;1;1;0;0;0;1;0;2;6;1;1;1;1;1;1;3
151217_0935;3;10;10;3;7;-1;5;-1;588.75;4;600;600;60;60;0;-1;0;0;195;48.75;-1;4;4;0;1;1000;51;0;0;2;11;1;1;1;1;1;1;1;1;1;1;2300;0;0;0;0;0;0;0;0;0;1;10;9;1;1;1;1;1;1;1
151217_0935;3;10;10;3;8;-1;3;-1;1162.75;8;1200;1200;120;120;0;-1;0;0;331;82.75;-1;8;2;500;1;500;37;1;0;5;16;1;1;1;3;1;1;1;1;2;1;1500;0;0;0;0;0;1;1;1;1;1;6;5;0;0;0;0;0;99;0
151217_0935;3;10;10;3;9;-1;1;-1;1.609.625;11;1650;1500;150;150;1;-1;0;0;438.5;109.625;-1;11;5;500;1;500;26;0;0;5;13;3;1;2;3;2;1;1;1;2;1;1800;0;1;0;0;0;0;1;1;1;1;2;5;0;1;0;0;0;2;0
151217_0935;3;10;10;3;10;-1;2;-1;307.125;2;300;250;25;25;1;-1;0;0;128.5;32.125;-1;2;5;500;0;500;65;0;0;5;9;1;3;3;1;1;1;1;1;3;1;1500;0;1;0;0;1;0;1;0;0;0;2;7;0;0;1;0;1;3;1
151217_0935;3;10;10;3;11;-1;4;-1;762.5;5;750;750;75;75;0;-1;0;0;350;87.5;-1;5;6;400;1;600;23;0;0;6;15;1;1;2;1;1;1;1;1;1;1;1300;0;0;0;0;1;1;1;1;1;1;5;4;0;0;0;0;0;99;1
151217_0935;3;10;10;3;12;-1;5;-1;318.75;2;300;300;30;30;0;-1;0;0;195;48.75;-1;2;6;600;0;500;54;1;0;10;12;1;4;4;1;1;1;1;3;4;1;700;0;0;0;0;0;1;1;0;1;1;6;6;0;0;0;0;0;99;4
151217_0935;3;10;10;3;13;-1;2;-1;923.125;6;900;90;9;9;1;-1;0;0;128.5;32.125;-1;6;9;250;0;500;51;1;1;8;9;3;1;3;3;3;3;1;1;3;1;1400;0;1;0;0;0;1;0;0;0;1;2;7;0;0;0;1;1;4;1
151217_0935;3;10;10;3;14;-1;5;-1;748.75;5;750;500;50;50;1;-1;0;0;195;48.75;-1;5;8;600;1;400;47;0;0;4;88;1;1;1;1;1;1;1;1;1;1;1900;0;1;0;1;0;0;0;1;1;0;2;6;1;0;1;0;1;1;1
151217_0935;3;10;10;3;15;-1;1;-1;650.625;4;600;590;59;59;1;-1;0;0;438.5;109.625;-1;4;7;200;0;200;44;0;0;5;88;1;1;1;1;1;1;1;1;1;1;1300;0;0;1;0;1;0;0;0;1;1;3;6;0;0;1;0;0;3;2
151217_0935;3;10;10;3;16;-1;6;-1;857.75;6;900;900;90;90;0;-1;0;0;191;47.75;-1;6;8;400;0;300;46;1;1;6;13;1;1;1;2;1;1;1;1;1;1;1000;1;0;1;0;0;0;0;0;0;0;1;8;0;0;0;1;1;4;3
151217_0935;3;10;10;3;17;-1;2;-1;987.625;7;1050;945;94.5;94.5;1;-1;0;0;128.5;32.125;-1;7;3;400;0;500;50;1;0;5;16;1;1;1;1;1;1;1;1;1;1;1600;0;0;0;0;0;1;1;1;1;1;6;5;0;0;0;1;1;4;0
151217_0935;3;10;10;3;18;-1;6;-1;496.75;3;450;10;1;1;1;-1;0;0;191;47.75;-1;3;12;500;1;500;34;1;0;4;1;1;1;1;1;1;1;1;1;1;1;1500;1;1;1;0;0;1;1;1;0;0;1;4;0;1;0;1;0;2;2
151217_0935;3;10;10;3;19;-1;4;-1;1032.5;7;1050;1050;105;105;0;-1;1;0;350;87.5;-1;7;2;500;0;500;52;1;1;4;15;1;1;1;3;1;1;1;1;3;1;2100;1;1;1;0;1;0;1;1;1;0;1;3;0;1;1;1;1;2;0
151217_0935;3;10;10;3;20;-1;4;-1;1087.5;7;1050;500;50;50;1;-1;0;0;350;87.5;-1;7;11;500;0;500;42;1;0;8;88;1;1;3;3;1;1;1;1;1;1;1100;0;0;0;0;0;0;0;0;0;0;99;10;0;0;0;0;0;99;2
151217_0935;3;10;10;3;21;-1;1;-1;1.065.125;7;1050;945;94.5;94.5;1;-1;0;0;438.5;109.625;-1;7;10;500;0;500;52;0;0;4;15;2;1;1;3;1;2;1;1;2;1;2300;0;1;1;1;0;1;0;0;0;0;2;6;1;1;1;1;1;1;1
151217_0935;3;10;10;3;22;-1;3;-1;922.75;6;900;600;60;60;1;-1;0;0;331;82.75;-1;6;10;500;1;500;49;0;0;5;16;3;3;3;3;2;3;1;1;3;1;1300;0;0;0;1;1;1;1;1;1;1;4;3;0;0;0;0;0;99;1
151217_0935;3;10;10;3;23;-1;3;-1;831.75;5;750;10;1;1;1;-1;0;0;331;82.75;-1;5;1;700;1;300;56;0;0;5;13;4;1;1;1;1;1;1;1;1;1;1400;0;1;1;1;0;0;0;1;0;1;2;5;0;0;1;1;1;3;2
151217_0935;3;10;10;3;24;-1;3;-1;1432.75;10;1500;1500;150;150;0;-1;0;0;331;82.75;-1;10;9;750;1;250;36;0;0;4;16;1;1;2;2;1;1;1;1;1;1;1500;0;0;0;0;1;1;1;1;1;1;5;4;0;0;0;0;0;99;0
151217_0935;4;10;10;4;1;-1;6;-1;926.5;6;900;250;25;25;1;-1;0;0;206;51.5;-1;6;4;1000;0;500;48;1;0;9;89;1;1;1;3;1;1;1;1;1;1;2000;0;0;0;0;0;0;1;1;1;1;7;6;1;1;0;0;0;1;1
151217_0935;4;10;10;4;2;-1;4;-1;1463.75;10;1500;1500;150;150;0;-1;1;0;455;113.75;-1;10;12;500;0;100;38;1;0;2;13;1;1;1;3;1;1;1;1;1;1;900;0;0;0;0;0;0;0;0;0;0;99;10;0;0;0;0;0;99;3
151217_0935;4;10;10;4;3;-1;1;-1;1323;9;1350;1350;135;135;0;-1;0;0;432;108;-1;9;1;300;0;500;29;1;0;0;16;3;1;1;1;1;1;1;1;3;1;1500;0;0;0;1;1;1;1;1;1;1;4;3;0;0;0;0;0;99;0
151217_0935;4;10;10;4;4;-1;2;-1;1.101.375;7;1050;0;0;0;1;-1;0;0;205.5;51.375;-1;7;11;500;1;500;43;0;1;5;14;1;1;1;1;1;1;1;1;1;1;2500;1;0;0;1;0;0;0;1;1;1;1;5;1;1;1;1;1;1;0
151217_0935;4;10;10;4;5;-1;5;-1;896.675;6;900;400;40;40;1;-1;0;0;146.7;36.675;-1;6;3;600;1;400;40;0;1;5;10;1;1;2;1;1;2;1;1;1;1;2400;1;1;0;1;1;0;1;0;0;1;1;4;1;1;1;0;0;1;0
151217_0935;4;10;10;4;6;-1;6;-1;456.5;3;450;450;45;45;0;-1;0;0;206;51.5;-1;3;7;800;1;200;40;0;0;8;15;1;1;1;2;1;1;1;1;1;1;1900;0;1;0;1;1;0;0;0;1;0;2;6;1;1;1;1;1;1;3
151217_0935;4;10;10;4;7;-1;5;-1;1.079.975;7;1050;67;6.7;6.7;1;-1;0;0;146.7;36.675;-1;7;4;0;1;1000;51;0;0;2;11;1;1;1;1;1;1;1;1;1;1;2300;0;0;0;0;0;0;0;0;0;1;10;9;1;1;1;1;1;1;1
151217_0935;4;10;10;4;8;-1;3;-1;710.125;5;750;750;75;75;0;-1;0;0;140.5;35.125;-1;5;2;500;1;500;37;1;0;5;16;1;1;1;3;1;1;1;1;2;1;1500;0;0;0;0;0;1;1;1;1;1;6;5;0;0;0;0;0;99;0
151217_0935;4;10;10;4;9;-1;1;-1;1493;10;1500;1150;115;115;1;-1;0;0;432;108;-1;10;5;500;1;500;26;0;0;5;13;3;1;2;3;2;1;1;1;2;1;1800;0;1;0;0;0;0;1;1;1;1;2;5;0;1;0;0;0;2;0
151217_0935;4;10;10;4;10;-1;2;-1;186.375;1;150;150;15;15;0;-1;0;0;205.5;51.375;-1;1;5;500;0;500;65;0;0;5;9;1;3;3;1;1;1;1;1;3;1;1500;0;1;0;0;1;0;1;0;0;0;2;7;0;0;1;0;1;3;1
151217_0935;4;10;10;4;11;-1;4;-1;1058.75;7;1050;1050;105;105;0;-1;0;0;455;113.75;-1;7;6;400;1;600;23;0;0;6;15;1;1;2;1;1;1;1;1;1;1;1300;0;0;0;0;1;1;1;1;1;1;5;4;0;0;0;0;0;99;1
151217_0935;4;10;10;4;12;-1;5;-1;576.675;4;600;600;60;60;0;-1;1;0;146.7;36.675;-1;4;6;600;0;500;54;1;0;10;12;1;4;4;1;1;1;1;3;4;1;700;0;0;0;0;0;1;1;0;1;1;6;6;0;0;0;0;0;99;4
151217_0935;4;10;10;4;13;-1;2;-1;1.090.875;7;1050;105;10.5;10.5;1;-1;0;0;205.5;51.375;-1;7;9;250;0;500;51;1;1;8;9;3;1;3;3;3;3;1;1;3;1;1400;0;1;0;0;0;1;0;0;0;1;2;7;0;0;0;1;1;4;1
151217_0935;4;10;10;4;14;-1;5;-1;596.675;4;600;400;40;40;1;-1;0;0;146.7;36.675;-1;4;8;600;1;400;47;0;0;4;88;1;1;1;1;1;1;1;1;1;1;1900;0;1;0;1;0;0;0;1;1;0;2;6;1;0;1;0;1;1;1
151217_0935;4;10;10;4;15;-1;1;-1;784;5;750;740;74;74;1;-1;0;0;432;108;-1;5;7;200;0;200;44;0;0;5;88;1;1;1;1;1;1;1;1;1;1;1300;0;0;1;0;1;0;0;0;1;1;3;6;0;0;1;0;0;3;2
151217_0935;4;10;10;4;16;-1;6;-1;1266.5;9;1350;1350;135;135;0;-1;0;0;206;51.5;-1;9;8;400;0;300;46;1;1;6;13;1;1;1;2;1;1;1;1;1;1;1000;1;0;1;0;0;0;0;0;0;0;1;8;0;0;0;1;1;4;3
151217_0935;4;10;10;4;17;-1;2;-1;1.071.375;8;1200;1080;108;180;1;-1;1;60;205.5;51.375;-1;8;3;400;0;500;50;1;0;5;16;1;1;1;1;1;1;1;1;1;1;1600;0;0;0;0;0;1;1;1;1;1;6;5;0;0;0;1;1;4;0
151217_0935;4;10;10;4;18;-1;6;-1;950.5;6;900;10;1;1;1;-1;0;0;206;51.5;-1;6;12;500;1;500;34;1;0;4;1;1;1;1;1;1;1;1;1;1;1;1500;1;1;1;0;0;1;1;1;0;0;1;4;0;1;0;1;0;2;2
151217_0935;4;10;10;4;19;-1;4;-1;1463.75;10;1500;1500;150;150;0;-1;0;0;455;113.75;-1;10;2;500;0;500;52;1;1;4;15;1;1;1;3;1;1;1;1;3;1;2100;1;1;1;0;1;0;1;1;1;0;1;3;0;1;1;1;1;2;0
151217_0935;4;10;10;4;20;-1;4;-1;1263.75;8;1200;500;50;50;1;-1;0;0;455;113.75;-1;8;11;500;0;500;42;1;0;8;88;1;1;3;3;1;1;1;1;1;1;1100;0;0;0;0;0;0;0;0;0;0;99;10;0;0;0;0;0;99;2
151217_0935;4;10;10;4;21;-1;1;-1;1200;8;1200;1080;108;108;1;-1;0;0;432;108;-1;8;10;500;0;500;52;0;0;4;15;2;1;1;3;1;2;1;1;2;1;2300;0;1;1;1;0;1;0;0;0;0;2;6;1;1;1;1;1;1;1
151217_0935;4;10;10;4;22;-1;3;-1;750.125;5;750;350;35;35;1;-1;0;0;140.5;35.125;-1;5;10;500;1;500;49;0;0;5;16;3;3;3;3;2;3;1;1;3;1;1300;0;0;0;1;1;1;1;1;1;1;4;3;0;0;0;0;0;99;1
151217_0935;4;10;10;4;23;-1;3;-1;934.625;6;900;5;0.5;0.5;1;-1;0;0;140.5;35.125;-1;6;1;700;1;300;56;0;0;5;13;4;1;1;1;1;1;1;1;1;1;1400;0;1;1;1;0;0;0;1;0;1;2;5;0;0;1;1;1;3;2
151217_0935;4;10;10;4;24;-1;3;-1;305.125;2;300;300;30;30;0;-1;0;0;140.5;35.125;-1;2;9;750;1;250;36;0;0;4;16;1;1;2;2;1;1;1;1;1;1;1500;0;0;0;0;1;1;1;1;1;1;5;4;0;0;0;0;0;99;0
151217_0935;5;10;10;5;1;-1;6;-1;769;5;750;250;25;25;1;-1;0;0;176;44;-1;5;4;1000;0;500;48;1;0;9;89;1;1;1;3;1;1;1;1;1;1;2000;0;0;0;0;0;0;1;1;1;1;7;6;1;1;0;0;0;1;1
151217_0935;5;10;10;5;2;-1;4;-1;1.026.875;7;1050;1050;105;105;0;-1;0;0;327.5;81.875;-1;7;12;500;0;100;38;1;0;2;13;1;1;1;3;1;1;1;1;1;1;900;0;0;0;0;0;0;0;0;0;0;99;10;0;0;0;0;0;99;3
151217_0935;5;10;10;5;3;-1;1;-1;934.5;6;900;900;90;90;0;-1;1;0;498;124.5;-1;6;1;300;0;500;29;1;0;0;16;3;1;1;1;1;1;1;1;3;1;1500;0;0;0;1;1;1;1;1;1;1;4;3;0;0;0;0;0;99;0
151217_0935;5;10;10;5;4;-1;2;-1;1.081.875;7;1050;0;0;0;1;-1;0;0;127.5;31.875;-1;7;11;500;1;500;43;0;1;5;14;1;1;1;1;1;1;1;1;1;1;2500;1;0;0;1;0;0;0;1;1;1;1;5;1;1;1;1;1;1;0
151217_0935;5;10;10;5;5;-1;5;-1;777.5;5;750;350;35;35;1;-1;0;0;250;62.5;-1;5;3;600;1;400;40;0;1;5;10;1;1;2;1;1;2;1;1;1;1;2400;1;1;0;1;1;0;1;0;0;1;1;4;1;1;1;0;0;1;0
151217_0935;5;10;10;5;6;-1;6;-1;584;4;600;600;60;60;0;-1;1;0;176;44;-1;4;7;800;1;200;40;0;0;8;15;1;1;1;2;1;1;1;1;1;1;1900;0;1;0;1;1;0;0;0;1;0;2;6;1;1;1;1;1;1;3
151217_0935;5;10;10;5;7;-1;5;-1;872.5;6;900;900;90;90;0;-1;0;0;250;62.5;-1;6;4;0;1;1000;51;0;0;2;11;1;1;1;1;1;1;1;1;1;1;2300;0;0;0;0;0;0;0;0;0;1;10;9;1;1;1;1;1;1;1
151217_0935;5;10;10;5;8;-1;3;-1;1.147.625;8;1200;1200;120;120;0;-1;0;0;270.5;67.625;-1;8;2;500;1;500;37;1;0;5;16;1;1;1;3;1;1;1;1;2;1;1500;0;0;0;0;0;1;1;1;1;1;6;5;0;0;0;0;0;99;0
151217_0935;5;10;10;5;9;-1;1;-1;1474.5;10;1500;1500;150;150;0;-1;0;0;498;124.5;-1;10;5;500;1;500;26;0;0;5;13;3;1;2;3;2;1;1;1;2;1;1800;0;1;0;0;0;0;1;1;1;1;2;5;0;1;0;0;0;2;0
151217_0935;5;10;10;5;10;-1;2;-1;316.875;2;300;150;15;15;1;-1;0;0;127.5;31.875;-1;2;5;500;0;500;65;0;0;5;9;1;3;3;1;1;1;1;1;3;1;1500;0;1;0;0;1;0;1;0;0;0;2;7;0;0;1;0;1;3;1
151217_0935;5;10;10;5;11;-1;4;-1;764.375;5;750;675;67.5;67.5;1;-1;0;0;327.5;81.875;-1;5;6;400;1;600;23;0;0;6;15;1;1;2;1;1;1;1;1;1;1;1300;0;0;0;0;1;1;1;1;1;1;5;4;0;0;0;0;0;99;1
151217_0935;5;10;10;5;12;-1;5;-1;602.5;4;600;600;60;60;0;-1;0;0;250;62.5;-1;4;6;600;0;500;54;1;0;10;12;1;4;4;1;1;1;1;3;4;1;700;0;0;0;0;0;1;1;0;1;1;6;6;0;0;0;0;0;99;4
151217_0935;5;10;10;5;13;-1;2;-1;477.375;3;450;45;4.5;4.5;1;-1;0;0;127.5;31.875;-1;3;9;250;0;500;51;1;1;8;9;3;1;3;3;3;3;1;1;3;1;1400;0;1;0;0;0;1;0;0;0;1;2;7;0;0;0;1;1;4;1
151217_0935;5;10;10;5;14;-1;5;-1;897.5;6;900;650;65;65;1;-1;0;0;250;62.5;-1;6;8;600;1;400;47;0;0;4;88;1;1;1;1;1;1;1;1;1;1;1900;0;1;0;1;0;0;0;1;1;0;2;6;1;0;1;0;1;1;1
151217_0935;5;10;10;5;15;-1;1;-1;800.5;5;750;740;74;74;1;-1;0;0;498;124.5;-1;5;7;200;0;200;44;0;0;5;88;1;1;1;1;1;1;1;1;1;1;1300;0;0;1;0;1;0;0;0;1;1;3;6;0;0;1;0;0;3;2
151217_0935;5;10;10;5;16;-1;6;-1;854;6;900;900;90;90;0;-1;0;0;176;44;-1;6;8;400;0;300;46;1;1;6;13;1;1;1;2;1;1;1;1;1;1;1000;1;0;1;0;0;0;0;0;0;0;1;8;0;0;0;1;1;4;3
151217_0935;5;10;10;5;17;-1;2;-1;1.123.875;8;1200;1080;108;108;1;-1;0;0;127.5;31.875;-1;8;3;400;0;500;50;1;0;5;16;1;1;1;1;1;1;1;1;1;1;1600;0;0;0;0;0;1;1;1;1;1;6;5;0;0;0;1;1;4;0
151217_0935;5;10;10;5;18;-1;6;-1;643;4;600;10;1;1;1;-1;0;0;176;44;-1;4;12;500;1;500;34;1;0;4;1;1;1;1;1;1;1;1;1;1;1;1500;1;1;1;0;0;1;1;1;0;0;1;4;0;1;0;1;0;2;2
151217_0935;5;10;10;5;19;-1;4;-1;1.026.875;7;1050;1050;105;105;0;-1;0;0;327.5;81.875;-1;7;2;500;0;500;52;1;1;4;15;1;1;1;3;1;1;1;1;3;1;2100;1;1;1;0;1;0;1;1;1;0;1;3;0;1;1;1;1;2;0
151217_0935;5;10;10;5;20;-1;4;-1;1.231.875;8;1200;500;50;50;1;-1;0;0;327.5;81.875;-1;8;11;500;0;500;42;1;0;8;88;1;1;3;3;1;1;1;1;1;1;1100;0;0;0;0;0;0;0;0;0;0;99;10;0;0;0;0;0;99;2
151217_0935;5;10;10;5;21;-1;1;-1;1140.5;8;1200;1072;107.2;184;1;-1;1;64;498;124.5;-1;8;10;500;0;500;52;0;0;4;15;2;1;1;3;1;2;1;1;2;1;2300;0;1;1;1;0;1;0;0;0;0;2;6;1;1;1;1;1;1;1
151217_0935;5;10;10;5;22;-1;3;-1;907.625;6;900;600;60;60;1;-1;0;0;270.5;67.625;-1;6;10;500;1;500;49;0;0;5;16;3;3;3;3;2;3;1;1;3;1;1300;0;0;0;1;1;1;1;1;1;1;4;3;0;0;0;0;0;99;1
151217_0935;5;10;10;5;23;-1;3;-1;1.117.125;7;1050;5;0.5;0.5;1;-1;0;0;270.5;67.625;-1;7;1;700;1;300;56;0;0;5;13;4;1;1;1;1;1;1;1;1;1;1400;0;1;1;1;0;0;0;1;0;1;2;5;0;0;1;1;1;3;2
151217_0935;5;10;10;5;24;-1;3;-1;877.625;6;900;900;90;90;0;-1;0;0;270.5;67.625;-1;6;9;750;1;250;36;0;0;4;16;1;1;2;2;1;1;1;1;1;1;1500;0;0;0;0;1;1;1;1;1;1;5;4;0;0;0;0;0;99;0
151217_0935;6;10;10;6;1;-1;6;-1;622.75;4;600;250;25;25;1;-1;0;0;191;47.75;-1;4;4;1000;0;500;48;1;0;9;89;1;1;1;3;1;1;1;1;1;1;2000;0;0;0;0;0;0;1;1;1;1;7;6;1;1;0;0;0;1;1
151217_0935;6;10;10;6;2;-1;4;-1;1.037.375;7;1050;1050;105;105;0;-1;0;0;369.5;92.375;-1;7;12;500;0;100;38;1;0;2;13;1;1;1;3;1;1;1;1;1;1;900;0;0;0;0;0;0;0;0;0;0;99;10;0;0;0;0;0;99;3
151217_0935;6;10;10;6;3;-1;1;-1;1041.25;7;1050;1050;105;105;0;-1;0;0;385;96.25;-1;7;1;300;0;500;29;1;0;0;16;3;1;1;1;1;1;1;1;3;1;1500;0;0;0;1;1;1;1;1;1;1;4;3;0;0;0;0;0;99;0
151217_0935;6;10;10;6;4;-1;2;-1;1083.2;7;1050;0;0;0;1;-1;0;0;132.8;33.2;-1;7;11;500;1;500;43;0;1;5;14;1;1;1;1;1;1;1;1;1;1;2500;1;0;0;1;0;0;0;1;1;1;1;5;1;1;1;1;1;1;0
151217_0935;6;10;10;6;5;-1;5;-1;1205;8;1200;600;60;60;1;-1;0;0;260;65;-1;8;3;600;1;400;40;0;1;5;10;1;1;2;1;1;2;1;1;1;1;2400;1;1;0;1;1;0;1;0;0;1;1;4;1;1;1;0;0;1;0
151217_0935;6;10;10;6;6;-1;6;-1;857.75;6;900;900;90;90;0;-1;0;0;191;47.75;-1;6;7;800;1;200;40;0;0;8;15;1;1;1;2;1;1;1;1;1;1;1900;0;1;0;1;1;0;0;0;1;0;2;6;1;1;1;1;1;1;3
151217_0935;6;10;10;6;7;-1;5;-1;740;5;750;750;75;75;0;-1;0;0;260;65;-1;5;4;0;1;1000;51;0;0;2;11;1;1;1;1;1;1;1;1;1;1;2300;0;0;0;0;0;0;0;0;0;1;10;9;1;1;1;1;1;1;1
151217_0935;6;10;10;6;8;-1;3;-1;1161.5;8;1200;1200;120;120;0;-1;1;0;326;81.5;-1;8;2;500;1;500;37;1;0;5;16;1;1;1;3;1;1;1;1;2;1;1500;0;0;0;0;0;1;1;1;1;1;6;5;0;0;0;0;0;99;0
151217_0935;6;10;10;6;9;-1;1;-1;1326.25;9;1350;1200;120;120;1;-1;0;0;385;96.25;-1;9;5;500;1;500;26;0;0;5;13;3;1;2;3;2;1;1;1;2;1;1800;0;1;0;0;0;0;1;1;1;1;2;5;0;1;0;0;0;2;0
151217_0935;6;10;10;6;10;-1;2;-1;318.2;2;300;150;15;15;1;-1;0;0;132.8;33.2;-1;2;5;500;0;500;65;0;0;5;9;1;3;3;1;1;1;1;1;3;1;1500;0;1;0;0;1;0;1;0;0;0;2;7;0;0;1;0;1;3;1
151217_0935;6;10;10;6;11;-1;4;-1;1.047.875;7;1050;945;94.5;94.5;1;-1;0;0;369.5;92.375;-1;7;6;400;1;600;23;0;0;6;15;1;1;2;1;1;1;1;1;1;1;1300;0;0;0;0;1;1;1;1;1;1;5;4;0;0;0;0;0;99;1
151217_0935;6;10;10;6;12;-1;5;-1;740;5;750;750;75;75;0;-1;0;0;260;65;-1;5;6;600;0;500;54;1;0;10;12;1;4;4;1;1;1;1;3;4;1;700;0;0;0;0;0;1;1;0;1;1;6;6;0;0;0;0;0;99;4
151217_0935;6;10;10;6;13;-1;2;-1;1223.4;8;1200;98;9.800.000.000.000.000;9.800.000.000.000.000;1;-1;0;0;132.8;33.2;-1;8;9;250;0;500;51;1;1;8;9;3;1;3;3;3;3;1;1;3;1;1400;0;1;0;0;0;1;0;0;0;1;2;7;0;0;0;1;1;4;1
151217_0935;6;10;10;6;14;-1;5;-1;615;4;600;500;50;50;1;-1;0;0;260;65;-1;4;8;600;1;400;47;0;0;4;88;1;1;1;1;1;1;1;1;1;1;1900;0;1;0;1;0;0;0;1;1;0;2;6;1;0;1;0;1;1;1
151217_0935;6;10;10;6;15;-1;1;-1;502.25;3;450;440;44;44;1;-1;0;0;385;96.25;-1;3;7;200;0;200;44;0;0;5;88;1;1;1;1;1;1;1;1;1;1;1300;0;0;1;0;1;0;0;0;1;1;3;6;0;0;1;0;0;3;2
151217_0935;6;10;10;6;16;-1;6;-1;722.75;5;750;750;75;75;0;-1;1;0;191;47.75;-1;5;8;400;0;300;46;1;1;6;13;1;1;1;2;1;1;1;1;1;1;1000;1;0;1;0;0;0;0;0;0;0;1;8;0;0;0;1;1;4;3
151217_0935;6;10;10;6;17;-1;2;-1;1125.2;8;1200;1080;108;108;1;-1;0;0;132.8;33.2;-1;8;3;400;0;500;50;1;0;5;16;1;1;1;1;1;1;1;1;1;1;1600;0;0;0;0;0;1;1;1;1;1;6;5;0;0;0;1;1;4;0
151217_0935;6;10;10;6;18;-1;6;-1;646.75;4;600;10;1;1;1;-1;0;0;191;47.75;-1;4;12;500;1;500;34;1;0;4;1;1;1;1;1;1;1;1;1;1;1;1500;1;1;1;0;0;1;1;1;0;0;1;4;0;1;0;1;0;2;2
151217_0935;6;10;10;6;19;-1;4;-1;1.172.375;8;1200;1200;120;120;0;-1;0;0;369.5;92.375;-1;8;2;500;0;500;52;1;1;4;15;1;1;1;3;1;1;1;1;3;1;2100;1;1;1;0;1;0;1;1;1;0;1;3;0;1;1;1;1;2;0
151217_0935;6;10;10;6;20;-1;4;-1;1.092.375;7;1050;500;50;50;1;-1;0;0;369.5;92.375;-1;7;11;500;0;500;42;1;0;8;88;1;1;3;3;1;1;1;1;1;1;1100;0;0;0;0;0;0;0;0;0;0;99;10;0;0;0;0;0;99;2
151217_0935;6;10;10;6;21;-1;1;-1;730.25;5;750;668;66.8;116;1;-1;1;41;385;96.25;-1;5;10;500;0;500;52;0;0;4;15;2;1;1;3;1;2;1;1;2;1;2300;0;1;1;1;0;1;0;0;0;0;2;6;1;1;1;1;1;1;1
151217_0935;6;10;10;6;22;-1;3;-1;791.5;5;750;400;40;40;1;-1;0;0;326;81.5;-1;5;10;500;1;500;49;0;0;5;16;3;3;3;3;2;3;1;1;3;1;1300;0;0;0;1;1;1;1;1;1;1;4;3;0;0;0;0;0;99;1
151217_0935;6;10;10;6;23;-1;3;-1;830.5;5;750;10;1;1;1;-1;0;0;326;81.5;-1;5;1;700;1;300;56;0;0;5;13;4;1;1;1;1;1;1;1;1;1;1400;0;1;1;1;0;0;0;1;0;1;2;5;0;0;1;1;1;3;2
151217_0935;6;10;10;6;24;-1;3;-1;1566.5;11;1650;1650;165;165;0;-1;0;0;326;81.5;-1;11;9;750;1;250;36;0;0;4;16;1;1;2;2;1;1;1;1;1;1;1500;0;0;0;0;1;1;1;1;1;1;5;4;0;0;0;0;0;99;0
151217_0935;7;10;10;7;1;-1;6;-1;922.75;6;900;250;25;25;1;-1;0;0;191;47.75;-1;6;4;1000;0;500;48;1;0;9;89;1;1;1;3;1;1;1;1;1;1;2000;0;0;0;0;0;0;1;1;1;1;7;6;1;1;0;0;0;1;1
151217_0935;7;10;10;7;2;-1;4;-1;1455;10;1500;1500;150;150;0;-1;0;0;420;105;-1;10;12;500;0;100;38;1;0;2;13;1;1;1;3;1;1;1;1;1;1;900;0;0;0;0;0;0;0;0;0;0;99;10;0;0;0;0;0;99;3
151217_0935;7;10;10;7;3;-1;1;-1;1330.55;9;1350;1350;135;135;0;-1;0;0;462.2;115.55;-1;9;1;300;0;500;29;1;0;0;16;3;1;1;1;1;1;1;1;3;1;1500;0;0;0;1;1;1;1;1;1;1;4;3;0;0;0;0;0;99;0
151217_0935;7;10;10;7;4;-1;2;-1;791.65;5;750;0;0;0;1;-1;0;0;166.6;41.65;-1;5;11;500;1;500;43;0;1;5;14;1;1;1;1;1;1;1;1;1;1;2500;1;0;0;1;0;0;0;1;1;1;1;5;1;1;1;1;1;1;0
151217_0935;7;10;10;7;5;-1;5;-1;907.5;6;900;400;40;40;1;-1;0;0;190;47.5;-1;6;3;600;1;400;40;0;1;5;10;1;1;2;1;1;2;1;1;1;1;2400;1;1;0;1;1;0;1;0;0;1;1;4;1;1;1;0;0;1;0
151217_0935;7;10;10;7;6;-1;6;-1;722.75;5;750;750;75;75;0;-1;0;0;191;47.75;-1;5;7;800;1;200;40;0;0;8;15;1;1;1;2;1;1;1;1;1;1;1900;0;1;0;1;1;0;0;0;1;0;2;6;1;1;1;1;1;1;3
151217_0935;7;10;10;7;7;-1;5;-1;452.5;3;450;450;45;45;0;-1;0;0;190;47.5;-1;3;4;0;1;1000;51;0;0;2;11;1;1;1;1;1;1;1;1;1;1;2300;0;0;0;0;0;0;0;0;0;1;10;9;1;1;1;1;1;1;1
151217_0935;7;10;10;7;8;-1;3;-1;1.308.875;9;1350;1350;135;135;0;-1;0;0;375.5;93.875;-1;9;2;500;1;500;37;1;0;5;16;1;1;1;3;1;1;1;1;2;1;1500;0;0;0;0;0;1;1;1;1;1;6;5;0;0;0;0;0;99;0
151217_0935;7;10;10;7;9;-1;1;-1;1475.55;10;1500;1400;140;140;1;-1;0;0;462.2;115.55;-1;10;5;500;1;500;26;0;0;5;13;3;1;2;3;2;1;1;1;2;1;1800;0;1;0;0;0;0;1;1;1;1;2;5;0;1;0;0;0;2;0
151217_0935;7;10;10;7;10;-1;2;-1;184.05;1;150;76;7.600.000.000.000.000;7.600.000.000.000.000;1;-1;0;0;166.6;41.65;-1;1;5;500;0;500;65;0;0;5;9;1;3;3;1;1;1;1;1;3;1;1500;0;1;0;0;1;0;1;0;0;0;2;7;0;0;1;0;1;3;1
151217_0935;7;10;10;7;11;-1;4;-1;1185;8;1200;1200;120;120;0;-1;0;0;420;105;-1;8;6;400;1;600;23;0;0;6;15;1;1;2;1;1;1;1;1;1;1;1300;0;0;0;0;1;1;1;1;1;1;5;4;0;0;0;0;0;99;1
151217_0935;7;10;10;7;12;-1;5;-1;587.5;4;600;600;60;60;0;-1;0;0;190;47.5;-1;4;6;600;0;500;54;1;0;10;12;1;4;4;1;1;1;1;3;4;1;700;0;0;0;0;0;1;1;0;1;1;6;6;0;0;0;0;0;99;4
151217_0935;7;10;10;7;13;-1;2;-1;932.65;6;900;90;9;9;1;-1;0;0;166.6;41.65;-1;6;9;250;0;500;51;1;1;8;9;3;1;3;3;3;3;1;1;3;1;1400;0;1;0;0;0;1;0;0;0;1;2;7;0;0;0;1;1;4;1
151217_0935;7;10;10;7;14;-1;5;-1;752.5;5;750;450;45;45;1;-1;0;0;190;47.5;-1;5;8;600;1;400;47;0;0;4;88;1;1;1;1;1;1;1;1;1;1;1900;0;1;0;1;0;0;0;1;1;0;2;6;1;0;1;0;1;1;1
151217_0935;7;10;10;7;15;-1;1;-1;785.55;5;750;740;74;80;1;-1;1;5;462.2;115.55;-1;5;7;200;0;200;44;0;0;5;88;1;1;1;1;1;1;1;1;1;1;1300;0;0;1;0;1;0;0;0;1;1;3;6;0;0;1;0;0;3;2
151217_0935;7;10;10;7;16;-1;6;-1;857.75;6;900;900;90;90;0;-1;0;0;191;47.75;-1;6;8;400;0;300;46;1;1;6;13;1;1;1;2;1;1;1;1;1;1;1000;1;0;1;0;0;0;0;0;0;0;1;8;0;0;0;1;1;4;3
151217_0935;7;10;10;7;17;-1;2;-1;1541.65;11;1650;1500;150;150;1;-1;0;0;166.6;41.65;-1;11;3;400;0;500;50;1;0;5;16;1;1;1;1;1;1;1;1;1;1;1600;0;0;0;0;0;1;1;1;1;1;6;5;0;0;0;1;1;4;0
151217_0935;7;10;10;7;18;-1;6;-1;946.75;6;900;10;1;1;1;-1;0;0;191;47.75;-1;6;12;500;1;500;34;1;0;4;1;1;1;1;1;1;1;1;1;1;1;1500;1;1;1;0;0;1;1;1;0;0;1;4;0;1;0;1;0;2;2
151217_0935;7;10;10;7;19;-1;4;-1;1055;7;1050;1000;100;100;1;-1;0;0;420;105;-1;7;2;500;0;500;52;1;1;4;15;1;1;1;3;1;1;1;1;3;1;2100;1;1;1;0;1;0;1;1;1;0;1;3;0;1;1;1;1;2;0
151217_0935;7;10;10;7;20;-1;4;-1;955;6;900;500;50;50;1;-1;0;0;420;105;-1;6;11;500;0;500;42;1;0;8;88;1;1;3;3;1;1;1;1;1;1;1100;0;0;0;0;0;0;0;0;0;0;99;10;0;0;0;0;0;99;2
151217_0935;7;10;10;7;21;-1;1;-1;1208.35;8;1200;1072;107.2;107.2;1;-1;0;0;462.2;115.55;-1;8;10;500;0;500;52;0;0;4;15;2;1;1;3;1;2;1;1;2;1;2300;0;1;1;1;0;1;0;0;0;0;2;6;1;1;1;1;1;1;1
151217_0935;7;10;10;7;22;-1;3;-1;1.323.875;9;1350;1200;120;120;1;-1;0;0;375.5;93.875;-1;9;10;500;1;500;49;0;0;5;16;3;3;3;3;2;3;1;1;3;1;1300;0;0;0;1;1;1;1;1;1;1;4;3;0;0;0;0;0;99;1
151217_0935;7;10;10;7;23;-1;3;-1;993.375;6;900;5;0.5;0.5;1;-1;0;0;375.5;93.875;-1;6;1;700;1;300;56;0;0;5;13;4;1;1;1;1;1;1;1;1;1;1400;0;1;1;1;0;0;0;1;0;1;2;5;0;0;1;1;1;3;2
151217_0935;7;10;10;7;24;-1;3;-1;1.173.875;8;1200;1200;120;120;0;-1;1;0;375.5;93.875;-1;8;9;750;1;250;36;0;0;4;16;1;1;2;2;1;1;1;1;1;1;1500;0;0;0;0;1;1;1;1;1;1;5;4;0;0;0;0;0;99;0
151217_0935;8;10;10;8;1;-1;6;-1;761.5;5;750;250;25;25;1;-1;0;0;146;36.5;-1;5;4;1000;0;500;48;1;0;9;89;1;1;1;3;1;1;1;1;1;1;2000;0;0;0;0;0;0;1;1;1;1;7;6;1;1;0;0;0;1;1
151217_0935;8;10;10;8;2;-1;4;-1;1413;9;1350;1350;135;135;0;-1;0;0;792;198;-1;9;12;500;0;100;38;1;0;2;13;1;1;1;3;1;1;1;1;1;1;900;0;0;0;0;0;0;0;0;0;0;99;10;0;0;0;0;0;99;3
151217_0935;8;10;10;8;3;-1;1;-1;1.473.325;10;1500;1500;150;150;0;-1;0;0;493.3;123.325;-1;10;1;300;0;500;29;1;0;0;16;3;1;1;1;1;1;1;1;3;1;1500;0;0;0;1;1;1;1;1;1;1;4;3;0;0;0;0;0;99;0
151217_0935;8;10;10;8;4;-1;2;-1;936;6;900;0;0;0;1;-1;0;0;144;36;-1;6;11;500;1;500;43;0;1;5;14;1;1;1;1;1;1;1;1;1;1;2500;1;0;0;1;0;0;0;1;1;1;1;5;1;1;1;1;1;1;0
151217_0935;8;10;10;8;5;-1;5;-1;1208.75;8;1200;500;50;50;1;-1;0;0;235;58.75;-1;8;3;600;1;400;40;0;1;5;10;1;1;2;1;1;2;1;1;1;1;2400;1;1;0;1;1;0;1;0;0;1;1;4;1;1;1;0;0;1;0
151217_0935;8;10;10;8;6;-1;6;-1;576.5;4;600;600;60;60;0;-1;0;0;146;36.5;-1;4;7;800;1;200;40;0;0;8;15;1;1;1;2;1;1;1;1;1;1;1900;0;1;0;1;1;0;0;0;1;0;2;6;1;1;1;1;1;1;3
151217_0935;8;10;10;8;7;-1;5;-1;463.75;3;450;450;45;45;0;-1;0;0;235;58.75;-1;3;4;0;1;1000;51;0;0;2;11;1;1;1;1;1;1;1;1;1;1;2300;0;0;0;0;0;0;0;0;0;1;10;9;1;1;1;1;1;1;1
151217_0935;8;10;10;8;8;-1;3;-1;885.125;6;900;900;90;90;0;-1;1;0;300.5;75.125;-1;6;2;500;1;500;37;1;0;5;16;1;1;1;3;1;1;1;1;2;1;1500;0;0;0;0;0;1;1;1;1;1;6;5;0;0;0;0;0;99;0
151217_0935;8;10;10;8;9;-1;1;-1;1.448.325;10;1500;1450;145;175;1;-1;1;25;493.3;123.325;-1;10;5;500;1;500;26;0;0;5;13;3;1;2;3;2;1;1;1;2;1;1800;0;1;0;0;0;0;1;1;1;1;2;5;0;1;0;0;0;2;0
151217_0935;8;10;10;8;10;-1;2;-1;321;2;300;150;15;15;1;-1;0;0;144;36;-1;2;5;500;0;500;65;0;0;5;9;1;3;3;1;1;1;1;1;3;1;1500;0;1;0;0;1;0;1;0;0;0;2;7;0;0;1;0;1;3;1
151217_0935;8;10;10;8;11;-1;4;-1;746;4;600;520;52;52;1;-1;0;0;792;198;-1;4;6;400;1;600;23;0;0;6;15;1;1;2;1;1;1;1;1;1;1;1300;0;0;0;0;1;1;1;1;1;1;5;4;0;0;0;0;0;99;1
151217_0935;8;10;10;8;12;-1;5;-1;868.75;6;900;900;90;90;0;-1;1;0;235;58.75;-1;6;6;600;0;500;54;1;0;10;12;1;4;4;1;1;1;1;3;4;1;700;0;0;0;0;0;1;1;0;1;1;6;6;0;0;0;0;0;99;4
151217_0935;8;10;10;8;13;-1;2;-1;927;6;900;90;9;9;1;-1;0;0;144;36;-1;6;9;250;0;500;51;1;1;8;9;3;1;3;3;3;3;1;1;3;1;1400;0;1;0;0;0;1;0;0;0;1;2;7;0;0;0;1;1;4;1
151217_0935;8;10;10;8;14;-1;5;-1;758.75;5;750;500;50;50;1;-1;0;0;235;58.75;-1;5;8;600;1;400;47;0;0;4;88;1;1;1;1;1;1;1;1;1;1;1900;0;1;0;1;0;0;0;1;1;0;2;6;1;0;1;0;1;1;1
151217_0935;8;10;10;8;15;-1;1;-1;6.643.250.000.000.000;4;600;590;59;59;1;-1;0;0;493.3;123.325;-1;4;7;200;0;200;44;0;0;5;88;1;1;1;1;1;1;1;1;1;1;1300;0;0;1;0;1;0;0;0;1;1;3;6;0;0;1;0;0;3;2
151217_0935;8;10;10;8;16;-1;6;-1;576.5;4;600;600;60;60;0;-1;0;0;146;36.5;-1;4;8;400;0;300;46;1;1;6;13;1;1;1;2;1;1;1;1;1;1;1000;1;0;1;0;0;0;0;0;0;0;1;8;0;0;0;1;1;4;3
151217_0935;8;10;10;8;17;-1;2;-1;1266;9;1350;1200;120;120;1;-1;0;0;144;36;-1;9;3;400;0;500;50;1;0;5;16;1;1;1;1;1;1;1;1;1;1;1600;0;0;0;0;0;1;1;1;1;1;6;5;0;0;0;1;1;4;0
151217_0935;8;10;10;8;18;-1;6;-1;485.5;3;450;10;1;1;1;-1;0;0;146;36.5;-1;3;12;500;1;500;34;1;0;4;1;1;1;1;1;1;1;1;1;1;1;1500;1;1;1;0;0;1;1;1;0;0;1;4;0;1;0;1;0;2;2
151217_0935;8;10;10;8;19;-1;4;-1;1413;9;1350;1350;135;135;0;-1;0;0;792;198;-1;9;2;500;0;500;52;1;1;4;15;1;1;1;3;1;1;1;1;3;1;2100;1;1;1;0;1;0;1;1;1;0;1;3;0;1;1;1;1;2;0
151217_0935;8;10;10;8;20;-1;4;-1;928;8;1200;500;50;470;1;-1;1;350;792;198;-1;8;11;500;0;500;42;1;0;8;88;1;1;3;3;1;1;1;1;1;1;1100;0;0;0;0;0;0;0;0;0;0;99;10;0;0;0;0;0;99;2
151217_0935;8;10;10;8;21;-1;1;-1;1.364.025;9;1350;1093;109.3;109.3;1;-1;0;0;493.3;123.325;-1;9;10;500;0;500;52;0;0;4;15;2;1;1;3;1;2;1;1;2;1;2300;0;1;1;1;0;1;0;0;0;0;2;6;1;1;1;1;1;1;1
151217_0935;8;10;10;8;22;-1;3;-1;1.050.125;7;1050;750;75;75;1;-1;0;0;300.5;75.125;-1;7;10;500;1;500;49;0;0;5;16;3;3;3;3;2;3;1;1;3;1;1300;0;0;0;1;1;1;1;1;1;1;4;3;0;0;0;0;0;99;1
151217_0935;8;10;10;8;23;-1;3;-1;974.625;6;900;5;0.5;0.5;1;-1;0;0;300.5;75.125;-1;6;1;700;1;300;56;0;0;5;13;4;1;1;1;1;1;1;1;1;1;1400;0;1;1;1;0;0;0;1;0;1;2;5;0;0;1;1;1;3;2
151217_0935;8;10;10;8;24;-1;3;-1;1.290.125;9;1350;1350;135;135;0;-1;0;0;300.5;75.125;-1;9;9;750;1;250;36;0;0;4;16;1;1;2;2;1;1;1;1;1;1;1500;0;0;0;0;1;1;1;1;1;1;5;4;0;0;0;0;0;99;0
151217_0935;9;10;10;9;1;-1;6;-1;934;6;900;250;25;25;1;-1;0;0;236;59;-1;6;4;1000;0;500;48;1;0;9;89;1;1;1;3;1;1;1;1;1;1;2000;0;0;0;0;0;0;1;1;1;1;7;6;1;1;0;0;0;1;1
151217_0935;9;10;10;9;2;-1;4;-1;1.304.375;9;1350;1350;135;135;0;-1;0;0;357.5;89.375;-1;9;12;500;0;100;38;1;0;2;13;1;1;1;3;1;1;1;1;1;1;900;0;0;0;0;0;0;0;0;0;0;99;10;0;0;0;0;0;99;3
151217_0935;9;10;10;9;3;-1;1;-1;1471.55;10;1500;1500;150;150;0;-1;0;0;486.2;121.55;-1;10;1;300;0;500;29;1;0;0;16;3;1;1;1;1;1;1;1;3;1;1500;0;0;0;1;1;1;1;1;1;1;4;3;0;0;0;0;0;99;0
151217_0935;9;10;10;9;4;-1;2;-1;959.25;6;900;0;0;0;1;-1;0;0;237;59.25;-1;6;11;500;1;500;43;0;1;5;14;1;1;1;1;1;1;1;1;1;1;2500;1;0;0;1;0;0;0;1;1;1;1;5;1;1;1;1;1;1;0
151217_0935;9;10;10;9;5;-1;5;-1;1060;7;1050;500;50;50;1;-1;0;0;240;60;-1;7;3;600;1;400;40;0;1;5;10;1;1;2;1;1;2;1;1;1;1;2400;1;1;0;1;1;0;1;0;0;1;1;4;1;1;1;0;0;1;0
151217_0935;9;10;10;9;6;-1;6;-1;734;5;750;750;75;75;0;-1;0;0;236;59;-1;5;7;800;1;200;40;0;0;8;15;1;1;1;2;1;1;1;1;1;1;1900;0;1;0;1;1;0;0;0;1;0;2;6;1;1;1;1;1;1;3
151217_0935;9;10;10;9;7;-1;5;-1;735;5;750;750;75;75;0;-1;0;0;240;60;-1;5;4;0;1;1000;51;0;0;2;11;1;1;1;1;1;1;1;1;1;1;2300;0;0;0;0;0;0;0;0;0;1;10;9;1;1;1;1;1;1;1
151217_0935;9;10;10;9;8;-1;3;-1;1048.75;6;900;900;90;90;0;-1;0;0;955;238.75;-1;6;2;500;1;500;37;1;0;5;16;1;1;1;3;1;1;1;1;2;1;1500;0;0;0;0;0;1;1;1;1;1;6;5;0;0;0;0;0;99;0
151217_0935;9;10;10;9;9;-1;1;-1;1616.55;11;1650;1550;155;155;1;-1;0;0;486.2;121.55;-1;11;5;500;1;500;26;0;0;5;13;3;1;2;3;2;1;1;1;2;1;1800;0;1;0;0;0;0;1;1;1;1;2;5;0;1;0;0;0;2;0
151217_0935;9;10;10;9;10;-1;2;-1;194.25;1;150;150;15;15;0;-1;0;0;237;59.25;-1;1;5;500;0;500;65;0;0;5;9;1;3;3;1;1;1;1;1;3;1;1500;0;1;0;0;1;0;1;0;0;0;2;7;0;0;1;0;1;3;1
151217_0935;9;10;10;9;11;-1;4;-1;771.875;5;750;675;67.5;67.5;1;-1;0;0;357.5;89.375;-1;5;6;400;1;600;23;0;0;6;15;1;1;2;1;1;1;1;1;1;1;1300;0;0;0;0;1;1;1;1;1;1;5;4;0;0;0;0;0;99;1
151217_0935;9;10;10;9;12;-1;5;-1;600;4;600;600;60;60;0;-1;0;0;240;60;-1;4;6;600;0;500;54;1;0;10;12;1;4;4;1;1;1;1;3;4;1;700;0;0;0;0;0;1;1;0;1;1;6;6;0;0;0;0;0;99;4
151217_0935;9;10;10;9;13;-1;2;-1;1247.25;8;1200;120;12;12;1;-1;0;0;237;59.25;-1;8;9;250;0;500;51;1;1;8;9;3;1;3;3;3;3;1;1;3;1;1400;0;1;0;0;0;1;0;0;0;1;2;7;0;0;0;1;1;4;1
151217_0935;9;10;10;9;14;-1;5;-1;755;5;750;550;55;55;1;-1;0;0;240;60;-1;5;8;600;1;400;47;0;0;4;88;1;1;1;1;1;1;1;1;1;1;1900;0;1;0;1;0;0;0;1;1;0;2;6;1;0;1;0;1;1;1
151217_0935;9;10;10;9;15;-1;1;-1;797.55;5;750;740;74;74;1;-1;0;0;486.2;121.55;-1;5;7;200;0;200;44;0;0;5;88;1;1;1;1;1;1;1;1;1;1;1300;0;0;1;0;1;0;0;0;1;1;3;6;0;0;1;0;0;3;2
151217_0935;9;10;10;9;16;-1;6;-1;1274;9;1350;1350;135;135;0;-1;0;0;236;59;-1;9;8;400;0;300;46;1;1;6;13;1;1;1;2;1;1;1;1;1;1;1000;1;0;1;0;0;0;0;0;0;0;1;8;0;0;0;1;1;4;3
151217_0935;9;10;10;9;17;-1;2;-1;1199.25;9;1350;1200;120;210;1;-1;1;75;237;59.25;-1;9;3;400;0;500;50;1;0;5;16;1;1;1;1;1;1;1;1;1;1;1600;0;0;0;0;0;1;1;1;1;1;6;5;0;0;0;1;1;4;0
151217_0935;9;10;10;9;18;-1;6;-1;1108;7;1050;10;1;1;1;-1;0;0;236;59;-1;7;12;500;1;500;34;1;0;4;1;1;1;1;1;1;1;1;1;1;1;1500;1;1;1;0;0;1;1;1;0;0;1;4;0;1;0;1;0;2;2
151217_0935;9;10;10;9;19;-1;4;-1;1.034.375;7;1050;1050;105;105;0;-1;0;0;357.5;89.375;-1;7;2;500;0;500;52;1;1;4;15;1;1;1;3;1;1;1;1;3;1;2100;1;1;1;0;1;0;1;1;1;0;1;3;0;1;1;1;1;2;0
151217_0935;9;10;10;9;20;-1;4;-1;1.089.375;7;1050;500;50;50;1;-1;0;0;357.5;89.375;-1;7;11;500;0;500;42;1;0;8;88;1;1;3;3;1;1;1;1;1;1;1100;0;0;0;0;0;0;0;0;0;0;99;10;0;0;0;0;0;99;2
151217_0935;9;10;10;9;21;-1;1;-1;1214.35;8;1200;1072;107.2;107.2;1;-1;0;0;486.2;121.55;-1;8;10;500;0;500;52;0;0;4;15;2;1;1;3;1;2;1;1;2;1;2300;0;1;1;1;0;1;0;0;0;0;2;6;1;1;1;1;1;1;1
151217_0935;9;10;10;9;22;-1;3;-1;1198.75;7;1050;900;90;90;1;-1;0;0;955;238.75;-1;7;10;500;1;500;49;0;0;5;16;3;3;3;3;2;3;1;1;3;1;1300;0;0;0;1;1;1;1;1;1;1;4;3;0;0;0;0;0;99;1
151217_0935;9;10;10;9;23;-1;3;-1;663.75;7;1050;10;1;625;1;-1;1;520;955;238.75;-1;7;1;700;1;300;56;0;0;5;13;4;1;1;1;1;1;1;1;1;1;1400;0;1;1;1;0;0;0;1;0;1;2;5;0;0;1;1;1;3;2
151217_0935;9;10;10;9;24;-1;3;-1;1588.75;10;1500;1500;150;150;0;-1;0;0;955;238.75;-1;10;9;750;1;250;36;0;0;4;16;1;1;2;2;1;1;1;1;1;1;1500;0;0;0;0;1;1;1;1;1;1;5;4;0;0;0;0;0;99;0
151217_0935;10;10;10;10;1;-1;6;-1;915.25;6;900;250;25;25;1;-1;0;0;161;40.25;-1;6;4;1000;0;500;48;1;0;9;89;1;1;1;3;1;1;1;1;1;1;2000;0;0;0;0;0;0;1;1;1;1;7;6;1;1;0;0;0;1;1
151217_0935;10;10;10;10;2;-1;4;-1;1443.5;10;1500;1500;150;150;0;-1;0;0;374;93.5;-1;10;12;500;0;100;38;1;0;2;13;1;1;1;3;1;1;1;1;1;1;900;0;0;0;0;0;0;0;0;0;0;99;10;0;0;0;0;0;99;3
151217_0935;10;10;10;10;3;-1;1;-1;1.607.625;11;1650;1650;165;165;0;-1;0;0;490.5;122.625;-1;11;1;300;0;500;29;1;0;0;16;3;1;1;1;1;1;1;1;3;1;1500;0;0;0;1;1;1;1;1;1;1;4;3;0;0;0;0;0;99;0
151217_0935;10;10;10;10;4;-1;2;-1;1.258.875;8;1200;0;0;0;1;-1;0;0;235.5;58.875;-1;8;11;500;1;500;43;0;1;5;14;1;1;1;1;1;1;1;1;1;1;2500;1;0;0;1;0;0;0;1;1;1;1;5;1;1;1;1;1;1;0
151217_0935;10;10;10;10;5;-1;5;-1;768.75;5;750;250;25;25;1;-1;0;0;175;43.75;-1;5;3;600;1;400;40;0;1;5;10;1;1;2;1;1;2;1;1;1;1;2400;1;1;0;1;1;0;1;0;0;1;1;4;1;1;1;0;0;1;0
151217_0935;10;10;10;10;6;-1;6;-1;580.25;4;600;600;60;60;0;-1;0;0;161;40.25;-1;4;7;800;1;200;40;0;0;8;15;1;1;1;2;1;1;1;1;1;1;1900;0;1;0;1;1;0;0;0;1;0;2;6;1;1;1;1;1;1;3
151217_0935;10;10;10;10;7;-1;5;-1;583.75;4;600;600;60;60;0;-1;0;0;175;43.75;-1;4;4;0;1;1000;51;0;0;2;11;1;1;1;1;1;1;1;1;1;1;2300;0;0;0;0;0;0;0;0;0;1;10;9;1;1;1;1;1;1;1
151217_0935;10;10;10;10;8;-1;3;-1;1.162.625;8;1200;1200;120;120;0;-1;0;0;330.5;82.625;-1;8;2;500;1;500;37;1;0;5;16;1;1;1;3;1;1;1;1;2;1;1500;0;0;0;0;0;1;1;1;1;1;6;5;0;0;0;0;0;99;0
151217_0935;10;10;10;10;9;-1;1;-1;1.472.625;10;1500;1500;150;150;0;-1;0;0;490.5;122.625;-1;10;5;500;1;500;26;0;0;5;13;3;1;2;3;2;1;1;1;2;1;1800;0;1;0;0;0;0;1;1;1;1;2;5;0;1;0;0;0;2;0
151217_0935;10;10;10;10;10;-1;2;-1;253.875;2;300;150;15;105;1;-1;1;75;235.5;58.875;-1;2;5;500;0;500;65;0;0;5;9;1;3;3;1;1;1;1;1;3;1;1500;0;1;0;0;1;0;1;0;0;0;2;7;0;0;1;0;1;3;1
151217_0935;10;10;10;10;11;-1;4;-1;639.5;4;600;540;54;54;1;-1;0;0;374;93.5;-1;4;6;400;1;600;23;0;0;6;15;1;1;2;1;1;1;1;1;1;1;1300;0;0;0;0;1;1;1;1;1;1;5;4;0;0;0;0;0;99;1
151217_0935;10;10;10;10;12;-1;5;-1;448.75;3;450;450;45;45;0;-1;0;0;175;43.75;-1;3;6;600;0;500;54;1;0;10;12;1;4;4;1;1;1;1;3;4;1;700;0;0;0;0;0;1;1;0;1;1;6;6;0;0;0;0;0;99;4
151217_0935;10;10;10;10;13;-1;2;-1;1.098.375;7;1050;105;10.5;10.5;1;-1;0;0;235.5;58.875;-1;7;9;250;0;500;51;1;1;8;9;3;1;3;3;3;3;1;1;3;1;1400;0;1;0;0;0;1;0;0;0;1;2;7;0;0;0;1;1;4;1
151217_0935;10;10;10;10;14;-1;5;-1;598.75;4;600;450;45;45;1;-1;0;0;175;43.75;-1;4;8;600;1;400;47;0;0;4;88;1;1;1;1;1;1;1;1;1;1;1900;0;1;0;1;0;0;0;1;1;0;2;6;1;0;1;0;1;1;1
151217_0935;10;10;10;10;15;-1;1;-1;933.625;6;900;890;89;89;1;-1;0;0;490.5;122.625;-1;6;7;200;0;200;44;0;0;5;88;1;1;1;1;1;1;1;1;1;1;1300;0;0;1;0;1;0;0;0;1;1;3;6;0;0;1;0;0;3;2
151217_0935;10;10;10;10;16;-1;6;-1;715.25;5;750;750;75;75;0;-1;0;0;161;40.25;-1;5;8;400;0;300;46;1;1;6;13;1;1;1;2;1;1;1;1;1;1;1000;1;0;1;0;0;0;0;0;0;0;1;8;0;0;0;1;1;4;3
151217_0935;10;10;10;10;17;-1;2;-1;1.288.875;9;1350;1200;120;120;1;-1;0;0;235.5;58.875;-1;9;3;400;0;500;50;1;0;5;16;1;1;1;1;1;1;1;1;1;1;1600;0;0;0;0;0;1;1;1;1;1;6;5;0;0;0;1;1;4;0
151217_0935;10;10;10;10;18;-1;6;-1;939.25;6;900;10;1;1;1;-1;0;0;161;40.25;-1;6;12;500;1;500;34;1;0;4;1;1;1;1;1;1;1;1;1;1;1;1500;1;1;1;0;0;1;1;1;0;0;1;4;0;1;0;1;0;2;2
151217_0935;10;10;10;10;19;-1;4;-1;1173.5;8;1200;1200;120;120;0;-1;0;0;374;93.5;-1;8;2;500;0;500;52;1;1;4;15;1;1;1;3;1;1;1;1;3;1;2100;1;1;1;0;1;0;1;1;1;0;1;3;0;1;1;1;1;2;0
151217_0935;10;10;10;10;20;-1;4;-1;1243.5;8;1200;500;50;50;1;-1;0;0;374;93.5;-1;8;11;500;0;500;42;1;0;8;88;1;1;3;3;1;1;1;1;1;1;1100;0;0;0;0;0;0;0;0;0;0;99;10;0;0;0;0;0;99;2
151217_0935;10;10;10;10;21;-1;1;-1;1.086.125;7;1050;865;86.5;86.5;1;-1;0;0;490.5;122.625;-1;7;10;500;0;500;52;0;0;4;15;2;1;1;3;1;2;1;1;2;1;2300;0;1;1;1;0;1;0;0;0;0;2;6;1;1;1;1;1;1;1
151217_0935;10;10;10;10;22;-1;3;-1;1.042.625;7;1050;900;90;90;1;-1;0;0;330.5;82.625;-1;7;10;500;1;500;49;0;0;5;16;3;3;3;3;2;3;1;1;3;1;1300;0;0;0;1;1;1;1;1;1;1;4;3;0;0;0;0;0;99;1
151217_0935;10;10;10;10;23;-1;3;-1;982.125;6;900;5;0.5;0.5;1;-1;0;0;330.5;82.625;-1;6;1;700;1;300;56;0;0;5;13;4;1;1;1;1;1;1;1;1;1;1400;0;1;1;1;0;0;0;1;0;1;2;5;0;0;1;1;1;3;2
151217_0935;10;10;10;10;24;-1;3;-1;1.162.625;8;1200;1200;120;120;0;-1;0;0;330.5;82.625;-1;8;9;750;1;250;36;0;0;4;16;1;1;2;2;1;1;1;1;1;1;1500;0;0;0;0;1;1;1;1;1;1;5;4;0;0;0;0;0;99;0
